Esther Mountain,Whiteface Mountain,3.989
Esther Mountain,Seward Mountain,58.299
Esther Mountain,Seymour Mountain,56.073
Esther Mountain,Donaldson Mountain,59.628
Esther Mountain,Mount Emmons,61.041
Esther Mountain,Panther Peak,54.689
Esther Mountain,Couchsachraga Peak,56.783
Esther Mountain,Santanoni Peak,55.375
Esther Mountain,Nye Mountain,40.604
Esther Mountain,Street Mountain,41.149
Esther Mountain,Wright Peak,40.11
Esther Mountain,Algonquin Peak,40.698
Esther Mountain,Iroquois Peak,42.031
Esther Mountain,Mount Marshall,45.825
Esther Mountain,Cascade Mountain,36.606
Esther Mountain,Porter Mountain,37.184
Esther Mountain,Big Slide Mountain,40.758
Esther Mountain,Phelps Mountain,42.105
Esther Mountain,Table Top Mountain,43.184
Esther Mountain,Mount Colden,44.863
Esther Mountain,Mount Marcy,46.542
Esther Mountain,Gray Peak,47.654
Esther Mountain,Mount Haystack,48.123
Esther Mountain,Cliff Mountain,47.714
Esther Mountain,Mount Skylight,48.417
Esther Mountain,Mount Redfield,48.188
Esther Mountain,Allen Mountain,57.466
Esther Mountain,Lower Wolfjaw Mountain,40.611
Esther Mountain,Upper Wolfjaw Mountain,43.47
Esther Mountain,Armstrong Mountain,45.925
Esther Mountain,Gothics,45.953
Esther Mountain,Saddleback Mountain,44.951
Esther Mountain,Basin Mountain,46.155
Esther Mountain,Sawteeth,46.471
Esther Mountain,Dial Mountain,44.719
Esther Mountain,Mount Colvin,46.501
Esther Mountain,Nippletop,47.415
Esther Mountain,Blake Peak,48.368
Esther Mountain,Dix Mountain,48.5
Esther Mountain,Hough Peak,50.353
Esther Mountain,Grace Mountain,52.465
Esther Mountain,South Dix,53.567
Esther Mountain,Macomb Mountain,54.729
Esther Mountain,Giant Mountain,41.398
Esther Mountain,Rocky Peak Ridge,43.277
Whiteface Mountain,Esther Mountain,3.989
Whiteface Mountain,Seward Mountain,49.065
Whiteface Mountain,Seymour Mountain,46.838
Whiteface Mountain,Donaldson Mountain,50.394
Whiteface Mountain,Mount Emmons,51.807
Whiteface Mountain,Panther Peak,45.455
Whiteface Mountain,Couchsachraga Peak,47.549
Whiteface Mountain,Santanoni Peak,46.141
Whiteface Mountain,Nye Mountain,32.387
Whiteface Mountain,Street Mountain,32.933
Whiteface Mountain,Wright Peak,31.894
Whiteface Mountain,Algonquin Peak,32.482
Whiteface Mountain,Iroquois Peak,33.815
Whiteface Mountain,Mount Marshall,37.609
Whiteface Mountain,Cascade Mountain,28.532
Whiteface Mountain,Porter Mountain,29.11
Whiteface Mountain,Big Slide Mountain,38.263
Whiteface Mountain,Phelps Mountain,33.889
Whiteface Mountain,Table Top Mountain,34.968
Whiteface Mountain,Mount Colden,36.646
Whiteface Mountain,Mount Marcy,38.326
Whiteface Mountain,Gray Peak,39.438
Whiteface Mountain,Mount Haystack,39.907
Whiteface Mountain,Cliff Mountain,39.498
Whiteface Mountain,Mount Skylight,40.2
Whiteface Mountain,Mount Redfield,39.972
Whiteface Mountain,Allen Mountain,49.25
Whiteface Mountain,Lower Wolfjaw Mountain,41.314
Whiteface Mountain,Upper Wolfjaw Mountain,44.173
Whiteface Mountain,Armstrong Mountain,46.627
Whiteface Mountain,Gothics,46.656
Whiteface Mountain,Saddleback Mountain,45.653
Whiteface Mountain,Basin Mountain,40.809
Whiteface Mountain,Sawteeth,47.404
Whiteface Mountain,Dial Mountain,45.422
Whiteface Mountain,Mount Colvin,47.204
Whiteface Mountain,Nippletop,48.118
Whiteface Mountain,Blake Peak,49.071
Whiteface Mountain,Dix Mountain,49.433
Whiteface Mountain,Hough Peak,51.055
Whiteface Mountain,Grace Mountain,53.168
Whiteface Mountain,South Dix,54.27
Whiteface Mountain,Macomb Mountain,55.432
Whiteface Mountain,Giant Mountain,42.101
Whiteface Mountain,Rocky Peak Ridge,43.979
Seward Mountain,Esther Mountain,58.299
Seward Mountain,Whiteface Mountain,49.065
Seward Mountain,Seymour Mountain,6.696
Seward Mountain,Donaldson Mountain,1.329
Seward Mountain,Mount Emmons,2.742
Seward Mountain,Panther Peak,20.942
Seward Mountain,Couchsachraga Peak,23.036
Seward Mountain,Santanoni Peak,21.628
Seward Mountain,Nye Mountain,37.69
Seward Mountain,Street Mountain,38.235
Seward Mountain,Wright Peak,35.044
Seward Mountain,Algonquin Peak,33.328
Seward Mountain,Iroquois Peak,33.727
Seward Mountain,Mount Marshall,31.842
Seward Mountain,Cascade Mountain,48.713
Seward Mountain,Porter Mountain,48.775
Seward Mountain,Big Slide Mountain,56.489
Seward Mountain,Phelps Mountain,38.558
Seward Mountain,Table Top Mountain,37.818
Seward Mountain,Mount Colden,32.49
Seward Mountain,Mount Marcy,36.251
Seward Mountain,Gray Peak,35.201
Seward Mountain,Mount Haystack,38.588
Seward Mountain,Cliff Mountain,33.639
Seward Mountain,Mount Skylight,35.858
Seward Mountain,Mount Redfield,34.113
Seward Mountain,Allen Mountain,39.41
Seward Mountain,Lower Wolfjaw Mountain,58.422
Seward Mountain,Upper Wolfjaw Mountain,58.931
Seward Mountain,Armstrong Mountain,44.732
Seward Mountain,Gothics,43.398
Seward Mountain,Saddleback Mountain,41.781
Seward Mountain,Basin Mountain,40.611
Seward Mountain,Sawteeth,45.204
Seward Mountain,Dial Mountain,51.723
Seward Mountain,Mount Colvin,45.683
Seward Mountain,Nippletop,49.449
Seward Mountain,Blake Peak,45.368
Seward Mountain,Dix Mountain,67.813
Seward Mountain,Hough Peak,73.759
Seward Mountain,Grace Mountain,74.5
Seward Mountain,South Dix,72.884
Seward Mountain,Macomb Mountain,71.71
Seward Mountain,Giant Mountain,70.845
Seward Mountain,Rocky Peak Ridge,72.724
Seymour Mountain,Esther Mountain,56.073
Seymour Mountain,Whiteface Mountain,46.838
Seymour Mountain,Seward Mountain,6.696
Seymour Mountain,Donaldson Mountain,8.025
Seymour Mountain,Mount Emmons,9.438
Seymour Mountain,Panther Peak,18.716
Seymour Mountain,Couchsachraga Peak,20.81
Seymour Mountain,Santanoni Peak,19.402
Seymour Mountain,Nye Mountain,35.463
Seymour Mountain,Street Mountain,36.009
Seymour Mountain,Wright Peak,32.818
Seymour Mountain,Algonquin Peak,31.102
Seymour Mountain,Iroquois Peak,31.501
Seymour Mountain,Mount Marshall,29.616
Seymour Mountain,Cascade Mountain,45.971
Seymour Mountain,Porter Mountain,46.641
Seymour Mountain,Big Slide Mountain,52.942
Seymour Mountain,Phelps Mountain,36.332
Seymour Mountain,Table Top Mountain,35.592
Seymour Mountain,Mount Colden,30.264
Seymour Mountain,Mount Marcy,34.025
Seymour Mountain,Gray Peak,32.975
Seymour Mountain,Mount Haystack,36.362
Seymour Mountain,Cliff Mountain,31.413
Seymour Mountain,Mount Skylight,33.631
Seymour Mountain,Mount Redfield,31.887
Seymour Mountain,Allen Mountain,37.184
Seymour Mountain,Lower Wolfjaw Mountain,56.196
Seymour Mountain,Upper Wolfjaw Mountain,56.705
Seymour Mountain,Armstrong Mountain,42.505
Seymour Mountain,Gothics,41.172
Seymour Mountain,Saddleback Mountain,39.555
Seymour Mountain,Basin Mountain,38.385
Seymour Mountain,Sawteeth,42.978
Seymour Mountain,Dial Mountain,49.497
Seymour Mountain,Mount Colvin,43.457
Seymour Mountain,Nippletop,47.223
Seymour Mountain,Blake Peak,43.142
Seymour Mountain,Dix Mountain,65.586
Seymour Mountain,Hough Peak,71.532
Seymour Mountain,Grace Mountain,72.274
Seymour Mountain,South Dix,70.657
Seymour Mountain,Macomb Mountain,69.484
Seymour Mountain,Giant Mountain,68.619
Seymour Mountain,Rocky Peak Ridge,70.497
Donaldson Mountain,Esther Mountain,59.628
Donaldson Mountain,Whiteface Mountain,50.394
Donaldson Mountain,Seward Mountain,1.329
Donaldson Mountain,Seymour Mountain,8.025
Donaldson Mountain,Mount Emmons,1.413
Donaldson Mountain,Panther Peak,22.237
Donaldson Mountain,Couchsachraga Peak,24.365
Donaldson Mountain,Santanoni Peak,22.923
Donaldson Mountain,Nye Mountain,39.019
Donaldson Mountain,Street Mountain,39.564
Donaldson Mountain,Wright Peak,36.373
Donaldson Mountain,Algonquin Peak,34.657
Donaldson Mountain,Iroquois Peak,35.056
Donaldson Mountain,Mount Marshall,33.171
Donaldson Mountain,Cascade Mountain,50.042
Donaldson Mountain,Porter Mountain,50.62
Donaldson Mountain,Big Slide Mountain,57.818
Donaldson Mountain,Phelps Mountain,39.887
Donaldson Mountain,Table Top Mountain,39.148
Donaldson Mountain,Mount Colden,33.819
Donaldson Mountain,Mount Marcy,37.58
Donaldson Mountain,Gray Peak,36.53
Donaldson Mountain,Mount Haystack,39.917
Donaldson Mountain,Cliff Mountain,34.968
Donaldson Mountain,Mount Skylight,37.187
Donaldson Mountain,Mount Redfield,35.442
Donaldson Mountain,Allen Mountain,40.739
Donaldson Mountain,Lower Wolfjaw Mountain,49.195
Donaldson Mountain,Upper Wolfjaw Mountain,49.704
Donaldson Mountain,Armstrong Mountain,46.061
Donaldson Mountain,Gothics,44.727
Donaldson Mountain,Saddleback Mountain,43.111
Donaldson Mountain,Basin Mountain,41.94
Donaldson Mountain,Sawteeth,46.533
Donaldson Mountain,Dial Mountain,53.052
Donaldson Mountain,Mount Colvin,47.012
Donaldson Mountain,Nippletop,50.778
Donaldson Mountain,Blake Peak,46.697
Donaldson Mountain,Dix Mountain,76.848
Donaldson Mountain,Hough Peak,75.088
Donaldson Mountain,Grace Mountain,75.829
Donaldson Mountain,South Dix,74.341
Donaldson Mountain,Macomb Mountain,73.039
Donaldson Mountain,Giant Mountain,72.174
Donaldson Mountain,Rocky Peak Ridge,74.053
Mount Emmons,Esther Mountain,61.041
Mount Emmons,Whiteface Mountain,51.807
Mount Emmons,Seward Mountain,2.742
Mount Emmons,Seymour Mountain,9.438
Mount Emmons,Donaldson Mountain,1.414
Mount Emmons,Panther Peak,23.65
Mount Emmons,Couchsachraga Peak,25.778
Mount Emmons,Santanoni Peak,24.336
Mount Emmons,Nye Mountain,40.432
Mount Emmons,Street Mountain,40.977
Mount Emmons,Wright Peak,37.786
Mount Emmons,Algonquin Peak,36.07
Mount Emmons,Iroquois Peak,36.469
Mount Emmons,Mount Marshall,34.584
Mount Emmons,Cascade Mountain,51.455
Mount Emmons,Porter Mountain,52.033
Mount Emmons,Big Slide Mountain,57.911
Mount Emmons,Phelps Mountain,55.331
Mount Emmons,Table Top Mountain,56.502
Mount Emmons,Mount Colden,35.232
Mount Emmons,Mount Marcy,38.993
Mount Emmons,Gray Peak,37.943
Mount Emmons,Mount Haystack,41.33
Mount Emmons,Cliff Mountain,36.381
Mount Emmons,Mount Skylight,38.6
Mount Emmons,Mount Redfield,36.855
Mount Emmons,Allen Mountain,42.152
Mount Emmons,Lower Wolfjaw Mountain,59.936
Mount Emmons,Upper Wolfjaw Mountain,51.117
Mount Emmons,Armstrong Mountain,52.096
Mount Emmons,Gothics,46.14
Mount Emmons,Saddleback Mountain,44.523
Mount Emmons,Basin Mountain,43.353
Mount Emmons,Sawteeth,47.946
Mount Emmons,Dial Mountain,54.465
Mount Emmons,Mount Colvin,48.425
Mount Emmons,Nippletop,52.191
Mount Emmons,Blake Peak,48.11
Mount Emmons,Dix Mountain,78.261
Mount Emmons,Hough Peak,76.501
Mount Emmons,Grace Mountain,77.242
Mount Emmons,South Dix,75.626
Mount Emmons,Macomb Mountain,74.452
Mount Emmons,Giant Mountain,74.907
Mount Emmons,Rocky Peak Ridge,75.466
Panther Peak,Esther Mountain,54.689
Panther Peak,Whiteface Mountain,45.455
Panther Peak,Seward Mountain,20.942
Panther Peak,Seymour Mountain,18.716
Panther Peak,Donaldson Mountain,22.237
Panther Peak,Mount Emmons,23.65
Panther Peak,Couchsachraga Peak,2.824
Panther Peak,Santanoni Peak,1.977
Panther Peak,Nye Mountain,31.832
Panther Peak,Street Mountain,32.377
Panther Peak,Wright Peak,25.971
Panther Peak,Algonquin Peak,24.255
Panther Peak,Iroquois Peak,24.654
Panther Peak,Mount Marshall,22.769
Panther Peak,Cascade Mountain,44.587
Panther Peak,Porter Mountain,45.165
Panther Peak,Big Slide Mountain,40.209
Panther Peak,Phelps Mountain,29.485
Panther Peak,Table Top Mountain,28.745
Panther Peak,Mount Colden,23.417
Panther Peak,Mount Marcy,27.178
Panther Peak,Gray Peak,26.128
Panther Peak,Mount Haystack,29.515
Panther Peak,Cliff Mountain,24.566
Panther Peak,Mount Skylight,26.785
Panther Peak,Mount Redfield,25.04
Panther Peak,Allen Mountain,26.398
Panther Peak,Lower Wolfjaw Mountain,42.142
Panther Peak,Upper Wolfjaw Mountain,42.651
Panther Peak,Armstrong Mountain,35.659
Panther Peak,Gothics,34.325
Panther Peak,Saddleback Mountain,32.708
Panther Peak,Basin Mountain,31.538
Panther Peak,Sawteeth,36.131
Panther Peak,Dial Mountain,42.708
Panther Peak,Mount Colvin,36.61
Panther Peak,Nippletop,40.376
Panther Peak,Blake Peak,36.295
Panther Peak,Dix Mountain,62.347
Panther Peak,Hough Peak,60.587
Panther Peak,Grace Mountain,61.328
Panther Peak,South Dix,59.712
Panther Peak,Macomb Mountain,58.538
Panther Peak,Giant Mountain,56.7
Panther Peak,Rocky Peak Ridge,59.425
Couchsachraga Peak,Esther Mountain,56.783
Couchsachraga Peak,Whiteface Mountain,47.549
Couchsachraga Peak,Seward Mountain,23.036
Couchsachraga Peak,Seymour Mountain,20.81
Couchsachraga Peak,Donaldson Mountain,24.365
Couchsachraga Peak,Mount Emmons,25.778
Couchsachraga Peak,Panther Peak,2.824
Couchsachraga Peak,Santanoni Peak,4.071
Couchsachraga Peak,Nye Mountain,33.926
Couchsachraga Peak,Street Mountain,34.471
Couchsachraga Peak,Wright Peak,28.065
Couchsachraga Peak,Algonquin Peak,26.349
Couchsachraga Peak,Iroquois Peak,26.748
Couchsachraga Peak,Mount Marshall,24.864
Couchsachraga Peak,Cascade Mountain,44.242
Couchsachraga Peak,Porter Mountain,47.775
Couchsachraga Peak,Big Slide Mountain,42.303
Couchsachraga Peak,Phelps Mountain,31.579
Couchsachraga Peak,Table Top Mountain,30.84
Couchsachraga Peak,Mount Colden,25.512
Couchsachraga Peak,Mount Marcy,29.272
Couchsachraga Peak,Gray Peak,28.222
Couchsachraga Peak,Mount Haystack,31.609
Couchsachraga Peak,Cliff Mountain,26.66
Couchsachraga Peak,Mount Skylight,28.879
Couchsachraga Peak,Mount Redfield,27.134
Couchsachraga Peak,Allen Mountain,28.738
Couchsachraga Peak,Lower Wolfjaw Mountain,44.237
Couchsachraga Peak,Upper Wolfjaw Mountain,44.745
Couchsachraga Peak,Armstrong Mountain,37.753
Couchsachraga Peak,Gothics,36.419
Couchsachraga Peak,Saddleback Mountain,34.803
Couchsachraga Peak,Basin Mountain,33.632
Couchsachraga Peak,Sawteeth,38.226
Couchsachraga Peak,Dial Mountain,44.744
Couchsachraga Peak,Mount Colvin,38.705
Couchsachraga Peak,Nippletop,42.47
Couchsachraga Peak,Blake Peak,38.39
Couchsachraga Peak,Dix Mountain,64.442
Couchsachraga Peak,Hough Peak,60.145
Couchsachraga Peak,Grace Mountain,60.887
Couchsachraga Peak,South Dix,59.27
Couchsachraga Peak,Macomb Mountain,58.096
Couchsachraga Peak,Giant Mountain,58.795
Couchsachraga Peak,Rocky Peak Ridge,61.519
Santanoni Peak,Esther Mountain,55.375
Santanoni Peak,Whiteface Mountain,46.141
Santanoni Peak,Seward Mountain,21.628
Santanoni Peak,Seymour Mountain,19.402
Santanoni Peak,Donaldson Mountain,22.923
Santanoni Peak,Mount Emmons,24.336
Santanoni Peak,Panther Peak,1.977
Santanoni Peak,Couchsachraga Peak,4.071
Santanoni Peak,Nye Mountain,30.526
Santanoni Peak,Street Mountain,31.137
Santanoni Peak,Wright Peak,24.665
Santanoni Peak,Algonquin Peak,22.949
Santanoni Peak,Iroquois Peak,23.348
Santanoni Peak,Mount Marshall,21.463
Santanoni Peak,Cascade Mountain,40.842
Santanoni Peak,Porter Mountain,41.42
Santanoni Peak,Big Slide Mountain,38.769
Santanoni Peak,Phelps Mountain,28.179
Santanoni Peak,Table Top Mountain,27.439
Santanoni Peak,Mount Colden,22.111
Santanoni Peak,Mount Marcy,25.872
Santanoni Peak,Gray Peak,24.822
Santanoni Peak,Mount Haystack,28.209
Santanoni Peak,Cliff Mountain,23.26
Santanoni Peak,Mount Skylight,25.479
Santanoni Peak,Mount Redfield,23.734
Santanoni Peak,Allen Mountain,25.092
Santanoni Peak,Lower Wolfjaw Mountain,40.836
Santanoni Peak,Upper Wolfjaw Mountain,41.277
Santanoni Peak,Armstrong Mountain,34.353
Santanoni Peak,Gothics,33.019
Santanoni Peak,Saddleback Mountain,31.402
Santanoni Peak,Basin Mountain,30.232
Santanoni Peak,Sawteeth,34.825
Santanoni Peak,Dial Mountain,41.344
Santanoni Peak,Mount Colvin,35.304
Santanoni Peak,Nippletop,39.07
Santanoni Peak,Blake Peak,34.989
Santanoni Peak,Dix Mountain,61.041
Santanoni Peak,Hough Peak,59.281
Santanoni Peak,Grace Mountain,60.022
Santanoni Peak,South Dix,58.406
Santanoni Peak,Macomb Mountain,57.232
Santanoni Peak,Giant Mountain,55.528
Santanoni Peak,Rocky Peak Ridge,58.253
Nye Mountain,Esther Mountain,40.604
Nye Mountain,Whiteface Mountain,32.387
Nye Mountain,Seward Mountain,37.69
Nye Mountain,Seymour Mountain,35.463
Nye Mountain,Donaldson Mountain,39.019
Nye Mountain,Mount Emmons,40.432
Nye Mountain,Panther Peak,31.832
Nye Mountain,Couchsachraga Peak,33.926
Nye Mountain,Santanoni Peak,30.526
Nye Mountain,Street Mountain,1.137
Nye Mountain,Wright Peak,10.477
Nye Mountain,Algonquin Peak,11.065
Nye Mountain,Iroquois Peak,12.398
Nye Mountain,Mount Marshall,15.059
Nye Mountain,Cascade Mountain,20.154
Nye Mountain,Porter Mountain,20.732
Nye Mountain,Big Slide Mountain,18.081
Nye Mountain,Phelps Mountain,12.472
Nye Mountain,Table Top Mountain,13.551
Nye Mountain,Mount Colden,15.229
Nye Mountain,Mount Marcy,16.909
Nye Mountain,Gray Peak,18.021
Nye Mountain,Mount Haystack,18.49
Nye Mountain,Cliff Mountain,18.081
Nye Mountain,Mount Skylight,18.677
Nye Mountain,Mount Redfield,18.555
Nye Mountain,Allen Mountain,27.795
Nye Mountain,Lower Wolfjaw Mountain,20.014
Nye Mountain,Upper Wolfjaw Mountain,20.523
Nye Mountain,Armstrong Mountain,21.606
Nye Mountain,Gothics,21.496
Nye Mountain,Saddleback Mountain,21.32
Nye Mountain,Basin Mountain,19.565
Nye Mountain,Sawteeth,23.318
Nye Mountain,Dial Mountain,29.484
Nye Mountain,Mount Colvin,29.175
Nye Mountain,Nippletop,30.09
Nye Mountain,Blake Peak,26.849
Nye Mountain,Dix Mountain,35.992
Nye Mountain,Hough Peak,37.845
Nye Mountain,Grace Mountain,43.966
Nye Mountain,South Dix,42.101
Nye Mountain,Macomb Mountain,43.263
Nye Mountain,Giant Mountain,34.746
Nye Mountain,Rocky Peak Ridge,37.47
Street Mountain,Esther Mountain,41.149
Street Mountain,Whiteface Mountain,32.933
Street Mountain,Seward Mountain,38.235
Street Mountain,Seymour Mountain,36.009
Street Mountain,Donaldson Mountain,39.564
Street Mountain,Mount Emmons,40.977
Street Mountain,Panther Peak,32.377
Street Mountain,Couchsachraga Peak,34.471
Street Mountain,Santanoni Peak,31.137
Street Mountain,Nye Mountain,1.137
Street Mountain,Wright Peak,11.022
Street Mountain,Algonquin Peak,11.61
Street Mountain,Iroquois Peak,12.943
Street Mountain,Mount Marshall,15.604
Street Mountain,Cascade Mountain,20.699
Street Mountain,Porter Mountain,21.277
Street Mountain,Big Slide Mountain,18.626
Street Mountain,Phelps Mountain,13.017
Street Mountain,Table Top Mountain,14.096
Street Mountain,Mount Colden,15.775
Street Mountain,Mount Marcy,17.454
Street Mountain,Gray Peak,18.566
Street Mountain,Mount Haystack,19.035
Street Mountain,Cliff Mountain,18.626
Street Mountain,Mount Skylight,19.329
Street Mountain,Mount Redfield,19.1
Street Mountain,Allen Mountain,28.34
Street Mountain,Lower Wolfjaw Mountain,20.559
Street Mountain,Upper Wolfjaw Mountain,21.068
Street Mountain,Armstrong Mountain,22.151
Street Mountain,Gothics,21.937
Street Mountain,Saddleback Mountain,21.762
Street Mountain,Basin Mountain,20.11
Street Mountain,Sawteeth,23.864
Street Mountain,Dial Mountain,30.029
Street Mountain,Mount Colvin,29.721
Street Mountain,Nippletop,30.635
Street Mountain,Blake Peak,27.394
Street Mountain,Dix Mountain,36.538
Street Mountain,Hough Peak,38.39
Street Mountain,Grace Mountain,44.511
Street Mountain,South Dix,45.613
Street Mountain,Macomb Mountain,43.808
Street Mountain,Giant Mountain,35.251
Street Mountain,Rocky Peak Ridge,37.976
Wright Peak,Esther Mountain,40.11
Wright Peak,Whiteface Mountain,31.894
Wright Peak,Seward Mountain,35.044
Wright Peak,Seymour Mountain,32.818
Wright Peak,Donaldson Mountain,36.373
Wright Peak,Mount Emmons,37.786
Wright Peak,Panther Peak,25.971
Wright Peak,Couchsachraga Peak,28.065
Wright Peak,Santanoni Peak,24.665
Wright Peak,Nye Mountain,10.477
Wright Peak,Street Mountain,11.022
Wright Peak,Algonquin Peak,1.764
Wright Peak,Iroquois Peak,3.063
Wright Peak,Mount Marshall,7.917
Wright Peak,Cascade Mountain,19.512
Wright Peak,Porter Mountain,20.09
Wright Peak,Big Slide Mountain,17.543
Wright Peak,Phelps Mountain,8.415
Wright Peak,Table Top Mountain,9.494
Wright Peak,Mount Colden,7.939
Wright Peak,Mount Marcy,12.852
Wright Peak,Gray Peak,11.057
Wright Peak,Mount Haystack,14.433
Wright Peak,Cliff Mountain,9.495
Wright Peak,Mount Skylight,11.714
Wright Peak,Mount Redfield,9.969
Wright Peak,Allen Mountain,18.046
Wright Peak,Lower Wolfjaw Mountain,19.372
Wright Peak,Upper Wolfjaw Mountain,19.985
Wright Peak,Armstrong Mountain,20.964
Wright Peak,Gothics,20.854
Wright Peak,Saddleback Mountain,20.679
Wright Peak,Basin Mountain,15.508
Wright Peak,Sawteeth,22.677
Wright Peak,Dial Mountain,28.842
Wright Peak,Mount Colvin,23.491
Wright Peak,Nippletop,29.448
Wright Peak,Blake Peak,22.792
Wright Peak,Dix Mountain,35.351
Wright Peak,Hough Peak,37.203
Wright Peak,Grace Mountain,43.324
Wright Peak,South Dix,41.459
Wright Peak,Macomb Mountain,42.621
Wright Peak,Giant Mountain,34.064
Wright Peak,Rocky Peak Ridge,36.829
Algonquin Peak,Esther Mountain,40.698
Algonquin Peak,Whiteface Mountain,32.482
Algonquin Peak,Seward Mountain,33.328
Algonquin Peak,Seymour Mountain,31.102
Algonquin Peak,Donaldson Mountain,34.657
Algonquin Peak,Mount Emmons,36.07
Algonquin Peak,Panther Peak,24.255
Algonquin Peak,Couchsachraga Peak,26.349
Algonquin Peak,Santanoni Peak,22.949
Algonquin Peak,Nye Mountain,11.065
Algonquin Peak,Street Mountain,11.61
Algonquin Peak,Wright Peak,1.764
Algonquin Peak,Iroquois Peak,1.347
Algonquin Peak,Mount Marshall,6.201
Algonquin Peak,Cascade Mountain,20.1
Algonquin Peak,Porter Mountain,20.678
Algonquin Peak,Big Slide Mountain,18.131
Algonquin Peak,Phelps Mountain,9.003
Algonquin Peak,Table Top Mountain,10.082
Algonquin Peak,Mount Colden,6.223
Algonquin Peak,Mount Marcy,10.391
Algonquin Peak,Gray Peak,9.341
Algonquin Peak,Mount Haystack,12.786
Algonquin Peak,Cliff Mountain,7.779
Algonquin Peak,Mount Skylight,9.998
Algonquin Peak,Mount Redfield,8.253
Algonquin Peak,Allen Mountain,16.33
Algonquin Peak,Lower Wolfjaw Mountain,19.96
Algonquin Peak,Upper Wolfjaw Mountain,20.469
Algonquin Peak,Armstrong Mountain,21.552
Algonquin Peak,Gothics,21.442
Algonquin Peak,Saddleback Mountain,17.266
Algonquin Peak,Basin Mountain,16.096
Algonquin Peak,Sawteeth,23.265
Algonquin Peak,Dial Mountain,29.43
Algonquin Peak,Mount Colvin,19.861
Algonquin Peak,Nippletop,30.036
Algonquin Peak,Blake Peak,19.546
Algonquin Peak,Dix Mountain,35.939
Algonquin Peak,Hough Peak,37.791
Algonquin Peak,Grace Mountain,43.912
Algonquin Peak,South Dix,45.014
Algonquin Peak,Macomb Mountain,43.209
Algonquin Peak,Giant Mountain,34.652
Algonquin Peak,Rocky Peak Ridge,37.377
Iroquois Peak,Esther Mountain,42.031
Iroquois Peak,Whiteface Mountain,33.815
Iroquois Peak,Seward Mountain,33.727
Iroquois Peak,Seymour Mountain,31.501
Iroquois Peak,Donaldson Mountain,35.056
Iroquois Peak,Mount Emmons,36.469
Iroquois Peak,Panther Peak,24.654
Iroquois Peak,Couchsachraga Peak,26.748
Iroquois Peak,Santanoni Peak,23.348
Iroquois Peak,Nye Mountain,12.398
Iroquois Peak,Street Mountain,12.943
Iroquois Peak,Wright Peak,3.063
Iroquois Peak,Algonquin Peak,1.347
Iroquois Peak,Mount Marshall,6.6
Iroquois Peak,Cascade Mountain,21.433
Iroquois Peak,Porter Mountain,22.011
Iroquois Peak,Big Slide Mountain,19.36
Iroquois Peak,Phelps Mountain,10.336
Iroquois Peak,Table Top Mountain,10.542
Iroquois Peak,Mount Colden,6.622
Iroquois Peak,Mount Marcy,10.79
Iroquois Peak,Gray Peak,9.74
Iroquois Peak,Mount Haystack,13.127
Iroquois Peak,Cliff Mountain,8.178
Iroquois Peak,Mount Skylight,10.397
Iroquois Peak,Mount Redfield,8.652
Iroquois Peak,Allen Mountain,16.745
Iroquois Peak,Lower Wolfjaw Mountain,21.293
Iroquois Peak,Upper Wolfjaw Mountain,21.802
Iroquois Peak,Armstrong Mountain,22.885
Iroquois Peak,Gothics,17.937
Iroquois Peak,Saddleback Mountain,16.378
Iroquois Peak,Basin Mountain,15.208
Iroquois Peak,Sawteeth,24.598
Iroquois Peak,Dial Mountain,30.763
Iroquois Peak,Mount Colvin,20.26
Iroquois Peak,Nippletop,23.988
Iroquois Peak,Blake Peak,19.907
Iroquois Peak,Dix Mountain,37.272
Iroquois Peak,Hough Peak,39.124
Iroquois Peak,Grace Mountain,42.278
Iroquois Peak,South Dix,43.38
Iroquois Peak,Macomb Mountain,31.488
Iroquois Peak,Giant Mountain,35.985
Iroquois Peak,Rocky Peak Ridge,38.71
Mount Marshall,Esther Mountain,45.825
Mount Marshall,Whiteface Mountain,37.609
Mount Marshall,Seward Mountain,31.842
Mount Marshall,Seymour Mountain,29.616
Mount Marshall,Donaldson Mountain,33.171
Mount Marshall,Mount Emmons,34.584
Mount Marshall,Panther Peak,22.769
Mount Marshall,Couchsachraga Peak,24.864
Mount Marshall,Santanoni Peak,21.463
Mount Marshall,Nye Mountain,15.059
Mount Marshall,Street Mountain,15.604
Mount Marshall,Wright Peak,7.917
Mount Marshall,Algonquin Peak,6.201
Mount Marshall,Iroquois Peak,6.6
Mount Marshall,Cascade Mountain,25.375
Mount Marshall,Porter Mountain,25.953
Mount Marshall,Big Slide Mountain,23.302
Mount Marshall,Phelps Mountain,11.516
Mount Marshall,Table Top Mountain,10.777
Mount Marshall,Mount Colden,6.031
Mount Marshall,Mount Marcy,9.791
Mount Marshall,Gray Peak,8.741
Mount Marshall,Mount Haystack,12.186
Mount Marshall,Cliff Mountain,7.179
Mount Marshall,Mount Skylight,9.398
Mount Marshall,Mount Redfield,7.653
Mount Marshall,Allen Mountain,14.844
Mount Marshall,Lower Wolfjaw Mountain,24.174
Mount Marshall,Upper Wolfjaw Mountain,25.744
Mount Marshall,Armstrong Mountain,18.272
Mount Marshall,Gothics,16.938
Mount Marshall,Saddleback Mountain,15.322
Mount Marshall,Basin Mountain,14.151
Mount Marshall,Sawteeth,18.761
Mount Marshall,Dial Mountain,25.263
Mount Marshall,Mount Colvin,19.224
Mount Marshall,Nippletop,22.989
Mount Marshall,Blake Peak,18.909
Mount Marshall,Dix Mountain,45.182
Mount Marshall,Hough Peak,32.538
Mount Marshall,Grace Mountain,49.148
Mount Marshall,South Dix,31.663
Mount Marshall,Macomb Mountain,30.489
Mount Marshall,Giant Mountain,39.928
Mount Marshall,Rocky Peak Ridge,42.652
Cascade Mountain,Esther Mountain,36.606
Cascade Mountain,Whiteface Mountain,28.532
Cascade Mountain,Seward Mountain,48.197
Cascade Mountain,Seymour Mountain,45.971
Cascade Mountain,Donaldson Mountain,50.042
Cascade Mountain,Mount Emmons,51.455
Cascade Mountain,Panther Peak,44.587
Cascade Mountain,Couchsachraga Peak,44.242
Cascade Mountain,Santanoni Peak,40.842
Cascade Mountain,Nye Mountain,20.154
Cascade Mountain,Street Mountain,20.699
Cascade Mountain,Wright Peak,19.512
Cascade Mountain,Algonquin Peak,20.1
Cascade Mountain,Iroquois Peak,21.433
Cascade Mountain,Mount Marshall,25.375
Cascade Mountain,Porter Mountain,1.358
Cascade Mountain,Big Slide Mountain,19.947
Cascade Mountain,Phelps Mountain,19.034
Cascade Mountain,Table Top Mountain,20.113
Cascade Mountain,Mount Colden,21.792
Cascade Mountain,Mount Marcy,23.471
Cascade Mountain,Gray Peak,25.767
Cascade Mountain,Mount Haystack,26.029
Cascade Mountain,Cliff Mountain,24.643
Cascade Mountain,Mount Skylight,25.346
Cascade Mountain,Mount Redfield,25.117
Cascade Mountain,Allen Mountain,34.357
Cascade Mountain,Lower Wolfjaw Mountain,21.88
Cascade Mountain,Upper Wolfjaw Mountain,22.791
Cascade Mountain,Armstrong Mountain,23.368
Cascade Mountain,Gothics,23.258
Cascade Mountain,Saddleback Mountain,23.083
Cascade Mountain,Basin Mountain,24.391
Cascade Mountain,Sawteeth,25.185
Cascade Mountain,Dial Mountain,22.679
Cascade Mountain,Mount Colvin,24.231
Cascade Mountain,Nippletop,25.145
Cascade Mountain,Blake Peak,26.098
Cascade Mountain,Dix Mountain,26.46
Cascade Mountain,Hough Peak,28.312
Cascade Mountain,Grace Mountain,30.425
Cascade Mountain,South Dix,31.527
Cascade Mountain,Macomb Mountain,32.689
Cascade Mountain,Giant Mountain,19.358
Cascade Mountain,Rocky Peak Ridge,21.237
Porter Mountain,Esther Mountain,37.184
Porter Mountain,Whiteface Mountain,29.11
Porter Mountain,Seward Mountain,48.775
Porter Mountain,Seymour Mountain,46.641
Porter Mountain,Donaldson Mountain,50.62
Porter Mountain,Mount Emmons,52.033
Porter Mountain,Panther Peak,45.165
Porter Mountain,Couchsachraga Peak,47.775
Porter Mountain,Santanoni Peak,41.42
Porter Mountain,Nye Mountain,20.732
Porter Mountain,Street Mountain,21.277
Porter Mountain,Wright Peak,20.09
Porter Mountain,Algonquin Peak,20.678
Porter Mountain,Iroquois Peak,22.011
Porter Mountain,Mount Marshall,25.953
Porter Mountain,Cascade Mountain,1.358
Porter Mountain,Big Slide Mountain,20.525
Porter Mountain,Phelps Mountain,19.612
Porter Mountain,Table Top Mountain,20.691
Porter Mountain,Mount Colden,22.37
Porter Mountain,Mount Marcy,24.049
Porter Mountain,Gray Peak,25.161
Porter Mountain,Mount Haystack,26.503
Porter Mountain,Cliff Mountain,25.221
Porter Mountain,Mount Skylight,25.924
Porter Mountain,Mount Redfield,25.695
Porter Mountain,Allen Mountain,34.935
Porter Mountain,Lower Wolfjaw Mountain,17.213
Porter Mountain,Upper Wolfjaw Mountain,20.072
Porter Mountain,Armstrong Mountain,22.527
Porter Mountain,Gothics,23.836
Porter Mountain,Saddleback Mountain,23.661
Porter Mountain,Basin Mountain,24.969
Porter Mountain,Sawteeth,23.073
Porter Mountain,Dial Mountain,21.321
Porter Mountain,Mount Colvin,22.873
Porter Mountain,Nippletop,23.787
Porter Mountain,Blake Peak,24.74
Porter Mountain,Dix Mountain,25.102
Porter Mountain,Hough Peak,26.954
Porter Mountain,Grace Mountain,29.067
Porter Mountain,South Dix,30.169
Porter Mountain,Macomb Mountain,31.331
Porter Mountain,Giant Mountain,18.0
Porter Mountain,Rocky Peak Ridge,19.879
Big Slide Mountain,Esther Mountain,40.758
Big Slide Mountain,Whiteface Mountain,38.263
Big Slide Mountain,Seward Mountain,56.489
Big Slide Mountain,Seymour Mountain,52.942
Big Slide Mountain,Donaldson Mountain,57.818
Big Slide Mountain,Mount Emmons,57.911
Big Slide Mountain,Panther Peak,40.209
Big Slide Mountain,Couchsachraga Peak,42.303
Big Slide Mountain,Santanoni Peak,38.769
Big Slide Mountain,Nye Mountain,18.081
Big Slide Mountain,Street Mountain,18.626
Big Slide Mountain,Wright Peak,17.543
Big Slide Mountain,Algonquin Peak,18.131
Big Slide Mountain,Iroquois Peak,19.36
Big Slide Mountain,Mount Marshall,23.302
Big Slide Mountain,Cascade Mountain,19.947
Big Slide Mountain,Porter Mountain,20.525
Big Slide Mountain,Phelps Mountain,17.065
Big Slide Mountain,Table Top Mountain,18.04
Big Slide Mountain,Mount Colden,19.719
Big Slide Mountain,Mount Marcy,11.573
Big Slide Mountain,Gray Peak,13.771
Big Slide Mountain,Mount Haystack,11.286
Big Slide Mountain,Cliff Mountain,17.323
Big Slide Mountain,Mount Skylight,13.448
Big Slide Mountain,Mount Redfield,17.797
Big Slide Mountain,Allen Mountain,32.322
Big Slide Mountain,Lower Wolfjaw Mountain,7.193
Big Slide Mountain,Upper Wolfjaw Mountain,7.702
Big Slide Mountain,Armstrong Mountain,8.682
Big Slide Mountain,Gothics,8.571
Big Slide Mountain,Saddleback Mountain,8.396
Big Slide Mountain,Basin Mountain,9.6
Big Slide Mountain,Sawteeth,10.394
Big Slide Mountain,Dial Mountain,16.663
Big Slide Mountain,Mount Colvin,16.355
Big Slide Mountain,Nippletop,17.269
Big Slide Mountain,Blake Peak,18.222
Big Slide Mountain,Dix Mountain,23.573
Big Slide Mountain,Hough Peak,25.426
Big Slide Mountain,Grace Mountain,27.538
Big Slide Mountain,South Dix,28.64
Big Slide Mountain,Macomb Mountain,29.802
Big Slide Mountain,Giant Mountain,18.318
Big Slide Mountain,Rocky Peak Ridge,21.043
Phelps Mountain,Esther Mountain,42.105
Phelps Mountain,Whiteface Mountain,33.889
Phelps Mountain,Seward Mountain,38.558
Phelps Mountain,Seymour Mountain,36.332
Phelps Mountain,Donaldson Mountain,39.887
Phelps Mountain,Mount Emmons,55.331
Phelps Mountain,Panther Peak,29.485
Phelps Mountain,Couchsachraga Peak,31.579
Phelps Mountain,Santanoni Peak,28.179
Phelps Mountain,Nye Mountain,12.472
Phelps Mountain,Street Mountain,13.017
Phelps Mountain,Wright Peak,8.415
Phelps Mountain,Algonquin Peak,9.003
Phelps Mountain,Iroquois Peak,10.336
Phelps Mountain,Mount Marshall,11.516
Phelps Mountain,Cascade Mountain,19.034
Phelps Mountain,Porter Mountain,19.612
Phelps Mountain,Big Slide Mountain,17.065
Phelps Mountain,Table Top Mountain,4.353
Phelps Mountain,Mount Colden,7.216
Phelps Mountain,Mount Marcy,7.711
Phelps Mountain,Gray Peak,10.093
Phelps Mountain,Mount Haystack,9.292
Phelps Mountain,Cliff Mountain,10.067
Phelps Mountain,Mount Skylight,9.586
Phelps Mountain,Mount Redfield,10.627
Phelps Mountain,Allen Mountain,21.56
Phelps Mountain,Lower Wolfjaw Mountain,18.894
Phelps Mountain,Upper Wolfjaw Mountain,19.403
Phelps Mountain,Armstrong Mountain,20.486
Phelps Mountain,Gothics,13.154
Phelps Mountain,Saddleback Mountain,11.537
Phelps Mountain,Basin Mountain,10.367
Phelps Mountain,Sawteeth,14.977
Phelps Mountain,Dial Mountain,28.364
Phelps Mountain,Mount Colvin,17.966
Phelps Mountain,Nippletop,28.97
Phelps Mountain,Blake Peak,17.651
Phelps Mountain,Dix Mountain,34.873
Phelps Mountain,Hough Peak,36.725
Phelps Mountain,Grace Mountain,39.879
Phelps Mountain,South Dix,40.981
Phelps Mountain,Macomb Mountain,45.11
Phelps Mountain,Giant Mountain,33.586
Phelps Mountain,Rocky Peak Ridge,36.311
Table Top Mountain,Esther Mountain,43.184
Table Top Mountain,Whiteface Mountain,34.968
Table Top Mountain,Seward Mountain,37.818
Table Top Mountain,Seymour Mountain,35.592
Table Top Mountain,Donaldson Mountain,39.148
Table Top Mountain,Mount Emmons,56.502
Table Top Mountain,Panther Peak,28.745
Table Top Mountain,Couchsachraga Peak,30.84
Table Top Mountain,Santanoni Peak,27.439
Table Top Mountain,Nye Mountain,13.551
Table Top Mountain,Street Mountain,14.096
Table Top Mountain,Wright Peak,9.494
Table Top Mountain,Algonquin Peak,10.082
Table Top Mountain,Iroquois Peak,10.542
Table Top Mountain,Mount Marshall,10.777
Table Top Mountain,Cascade Mountain,20.113
Table Top Mountain,Porter Mountain,20.691
Table Top Mountain,Big Slide Mountain,18.04
Table Top Mountain,Phelps Mountain,4.353
Table Top Mountain,Mount Colden,5.057
Table Top Mountain,Mount Marcy,5.552
Table Top Mountain,Gray Peak,7.75
Table Top Mountain,Mount Haystack,7.133
Table Top Mountain,Cliff Mountain,7.908
Table Top Mountain,Mount Skylight,7.427
Table Top Mountain,Mount Redfield,8.382
Table Top Mountain,Allen Mountain,20.82
Table Top Mountain,Lower Wolfjaw Mountain,13.651
Table Top Mountain,Upper Wolfjaw Mountain,15.827
Table Top Mountain,Armstrong Mountain,12.329
Table Top Mountain,Gothics,10.996
Table Top Mountain,Saddleback Mountain,9.379
Table Top Mountain,Basin Mountain,8.209
Table Top Mountain,Sawteeth,12.818
Table Top Mountain,Dial Mountain,22.94
Table Top Mountain,Mount Colvin,15.88
Table Top Mountain,Nippletop,20.666
Table Top Mountain,Blake Peak,15.565
Table Top Mountain,Dix Mountain,29.629
Table Top Mountain,Hough Peak,31.482
Table Top Mountain,Grace Mountain,34.636
Table Top Mountain,South Dix,35.737
Table Top Mountain,Macomb Mountain,28.519
Table Top Mountain,Giant Mountain,28.359
Table Top Mountain,Rocky Peak Ridge,31.083
Mount Colden,Esther Mountain,44.863
Mount Colden,Whiteface Mountain,36.646
Mount Colden,Seward Mountain,32.49
Mount Colden,Seymour Mountain,30.264
Mount Colden,Donaldson Mountain,33.819
Mount Colden,Mount Emmons,35.232
Mount Colden,Panther Peak,23.417
Mount Colden,Couchsachraga Peak,25.512
Mount Colden,Santanoni Peak,22.111
Mount Colden,Nye Mountain,15.229
Mount Colden,Street Mountain,15.775
Mount Colden,Wright Peak,7.939
Mount Colden,Algonquin Peak,6.223
Mount Colden,Iroquois Peak,6.622
Mount Colden,Mount Marshall,6.031
Mount Colden,Cascade Mountain,21.792
Mount Colden,Porter Mountain,22.37
Mount Colden,Big Slide Mountain,19.719
Mount Colden,Phelps Mountain,7.216
Mount Colden,Table Top Mountain,5.057
Mount Colden,Mount Marcy,7.543
Mount Colden,Gray Peak,6.493
Mount Colden,Mount Haystack,9.72
Mount Colden,Cliff Mountain,6.61
Mount Colden,Mount Skylight,7.149
Mount Colden,Mount Redfield,7.084
Mount Colden,Allen Mountain,15.492
Mount Colden,Lower Wolfjaw Mountain,16.237
Mount Colden,Upper Wolfjaw Mountain,16.746
Mount Colden,Armstrong Mountain,15.299
Mount Colden,Gothics,13.582
Mount Colden,Saddleback Mountain,11.965
Mount Colden,Basin Mountain,10.795
Mount Colden,Sawteeth,15.405
Mount Colden,Dial Mountain,23.015
Mount Colden,Mount Colvin,16.975
Mount Colden,Nippletop,20.741
Mount Colden,Blake Peak,16.66
Mount Colden,Dix Mountain,32.216
Mount Colden,Hough Peak,34.068
Mount Colden,Grace Mountain,37.222
Mount Colden,South Dix,29.415
Mount Colden,Macomb Mountain,28.241
Mount Colden,Giant Mountain,30.945
Mount Colden,Rocky Peak Ridge,33.669
Mount Marcy,Esther Mountain,46.542
Mount Marcy,Whiteface Mountain,38.326
Mount Marcy,Seward Mountain,36.251
Mount Marcy,Seymour Mountain,34.025
Mount Marcy,Donaldson Mountain,37.58
Mount Marcy,Mount Emmons,38.993
Mount Marcy,Panther Peak,27.178
Mount Marcy,Couchsachraga Peak,29.272
Mount Marcy,Santanoni Peak,25.872
Mount Marcy,Nye Mountain,16.909
Mount Marcy,Street Mountain,17.454
Mount Marcy,Wright Peak,12.852
Mount Marcy,Algonquin Peak,10.391
Mount Marcy,Iroquois Peak,10.79
Mount Marcy,Mount Marshall,9.791
Mount Marcy,Cascade Mountain,23.471
Mount Marcy,Porter Mountain,24.049
Mount Marcy,Big Slide Mountain,11.573
Mount Marcy,Phelps Mountain,7.711
Mount Marcy,Table Top Mountain,5.552
Mount Marcy,Mount Colden,7.543
Mount Marcy,Gray Peak,2.236
Mount Marcy,Mount Haystack,3.285
Mount Marcy,Cliff Mountain,5.808
Mount Marcy,Mount Skylight,1.876
Mount Marcy,Mount Redfield,6.282
Mount Marcy,Allen Mountain,19.253
Mount Marcy,Lower Wolfjaw Mountain,11.47
Mount Marcy,Upper Wolfjaw Mountain,9.504
Mount Marcy,Armstrong Mountain,8.547
Mount Marcy,Gothics,7.147
Mount Marcy,Saddleback Mountain,5.53
Mount Marcy,Basin Mountain,4.36
Mount Marcy,Sawteeth,9.036
Mount Marcy,Dial Mountain,17.74
Mount Marcy,Mount Colvin,11.7
Mount Marcy,Nippletop,15.466
Mount Marcy,Blake Peak,11.385
Mount Marcy,Dix Mountain,26.875
Mount Marcy,Hough Peak,28.727
Mount Marcy,Grace Mountain,31.881
Mount Marcy,South Dix,33.557
Mount Marcy,Macomb Mountain,22.966
Mount Marcy,Giant Mountain,26.178
Mount Marcy,Rocky Peak Ridge,28.903
Gray Peak,Esther Mountain,47.654
Gray Peak,Whiteface Mountain,39.438
Gray Peak,Seward Mountain,35.201
Gray Peak,Seymour Mountain,32.975
Gray Peak,Donaldson Mountain,36.53
Gray Peak,Mount Emmons,37.943
Gray Peak,Panther Peak,26.128
Gray Peak,Couchsachraga Peak,28.222
Gray Peak,Santanoni Peak,24.822
Gray Peak,Nye Mountain,18.021
Gray Peak,Street Mountain,18.566
Gray Peak,Wright Peak,11.057
Gray Peak,Algonquin Peak,9.341
Gray Peak,Iroquois Peak,9.74
Gray Peak,Mount Marshall,8.741
Gray Peak,Cascade Mountain,25.767
Gray Peak,Porter Mountain,25.161
Gray Peak,Big Slide Mountain,13.771
Gray Peak,Phelps Mountain,10.093
Gray Peak,Table Top Mountain,7.75
Gray Peak,Mount Colden,6.493
Gray Peak,Mount Marcy,2.236
Gray Peak,Mount Haystack,5.483
Gray Peak,Cliff Mountain,4.758
Gray Peak,Mount Skylight,1.843
Gray Peak,Mount Redfield,5.232
Gray Peak,Allen Mountain,18.203
Gray Peak,Lower Wolfjaw Mountain,13.668
Gray Peak,Upper Wolfjaw Mountain,14.177
Gray Peak,Armstrong Mountain,10.679
Gray Peak,Gothics,9.345
Gray Peak,Saddleback Mountain,7.728
Gray Peak,Basin Mountain,6.558
Gray Peak,Sawteeth,11.168
Gray Peak,Dial Mountain,17.67
Gray Peak,Mount Colvin,11.63
Gray Peak,Nippletop,15.396
Gray Peak,Blake Peak,11.315
Gray Peak,Dix Mountain,29.073
Gray Peak,Hough Peak,30.925
Gray Peak,Grace Mountain,34.079
Gray Peak,South Dix,35.181
Gray Peak,Macomb Mountain,22.896
Gray Peak,Giant Mountain,26.673
Gray Peak,Rocky Peak Ridge,28.158
Mount Haystack,Esther Mountain,48.123
Mount Haystack,Whiteface Mountain,39.907
Mount Haystack,Seward Mountain,38.588
Mount Haystack,Seymour Mountain,36.362
Mount Haystack,Donaldson Mountain,39.917
Mount Haystack,Mount Emmons,41.33
Mount Haystack,Panther Peak,29.515
Mount Haystack,Couchsachraga Peak,31.609
Mount Haystack,Santanoni Peak,28.209
Mount Haystack,Nye Mountain,18.49
Mount Haystack,Street Mountain,19.035
Mount Haystack,Wright Peak,14.433
Mount Haystack,Algonquin Peak,12.786
Mount Haystack,Iroquois Peak,13.127
Mount Haystack,Mount Marshall,12.186
Mount Haystack,Cascade Mountain,26.029
Mount Haystack,Porter Mountain,26.503
Mount Haystack,Big Slide Mountain,11.286
Mount Haystack,Phelps Mountain,9.292
Mount Haystack,Table Top Mountain,7.133
Mount Haystack,Mount Colden,9.72
Mount Haystack,Mount Marcy,3.285
Mount Haystack,Gray Peak,5.483
Mount Haystack,Cliff Mountain,8.087
Mount Haystack,Mount Skylight,4.212
Mount Haystack,Mount Redfield,8.561
Mount Haystack,Allen Mountain,21.59
Mount Haystack,Lower Wolfjaw Mountain,11.183
Mount Haystack,Upper Wolfjaw Mountain,7.767
Mount Haystack,Armstrong Mountain,6.743
Mount Haystack,Gothics,5.476
Mount Haystack,Saddleback Mountain,3.793
Mount Haystack,Basin Mountain,2.623
Mount Haystack,Sawteeth,7.233
Mount Haystack,Dial Mountain,14.985
Mount Haystack,Mount Colvin,8.945
Mount Haystack,Nippletop,12.711
Mount Haystack,Blake Peak,8.63
Mount Haystack,Dix Mountain,25.138
Mount Haystack,Hough Peak,26.011
Mount Haystack,Grace Mountain,30.144
Mount Haystack,South Dix,30.267
Mount Haystack,Macomb Mountain,22.023
Mount Haystack,Giant Mountain,21.185
Mount Haystack,Rocky Peak Ridge,22.67
Cliff Mountain,Esther Mountain,47.714
Cliff Mountain,Whiteface Mountain,39.498
Cliff Mountain,Seward Mountain,33.639
Cliff Mountain,Seymour Mountain,31.413
Cliff Mountain,Donaldson Mountain,34.968
Cliff Mountain,Mount Emmons,36.381
Cliff Mountain,Panther Peak,24.566
Cliff Mountain,Couchsachraga Peak,26.66
Cliff Mountain,Santanoni Peak,23.26
Cliff Mountain,Nye Mountain,18.081
Cliff Mountain,Street Mountain,18.626
Cliff Mountain,Wright Peak,9.495
Cliff Mountain,Algonquin Peak,7.779
Cliff Mountain,Iroquois Peak,8.178
Cliff Mountain,Mount Marshall,7.179
Cliff Mountain,Cascade Mountain,24.643
Cliff Mountain,Porter Mountain,25.221
Cliff Mountain,Big Slide Mountain,17.323
Cliff Mountain,Phelps Mountain,10.067
Cliff Mountain,Table Top Mountain,7.908
Cliff Mountain,Mount Colden,6.61
Cliff Mountain,Mount Marcy,5.808
Cliff Mountain,Gray Peak,4.758
Cliff Mountain,Mount Haystack,8.087
Cliff Mountain,Mount Skylight,5.415
Cliff Mountain,Mount Redfield,3.341
Cliff Mountain,Allen Mountain,16.641
Cliff Mountain,Lower Wolfjaw Mountain,17.22
Cliff Mountain,Upper Wolfjaw Mountain,17.729
Cliff Mountain,Armstrong Mountain,14.231
Cliff Mountain,Gothics,12.897
Cliff Mountain,Saddleback Mountain,11.28
Cliff Mountain,Basin Mountain,10.11
Cliff Mountain,Sawteeth,14.72
Cliff Mountain,Dial Mountain,21.222
Cliff Mountain,Mount Colvin,15.182
Cliff Mountain,Nippletop,18.948
Cliff Mountain,Blake Peak,14.867
Cliff Mountain,Dix Mountain,33.199
Cliff Mountain,Hough Peak,28.497
Cliff Mountain,Grace Mountain,29.238
Cliff Mountain,South Dix,27.622
Cliff Mountain,Macomb Mountain,26.448
Cliff Mountain,Giant Mountain,31.928
Cliff Mountain,Rocky Peak Ridge,34.653
Mount Skylight,Esther Mountain,48.417
Mount Skylight,Whiteface Mountain,40.2
Mount Skylight,Seward Mountain,35.858
Mount Skylight,Seymour Mountain,33.631
Mount Skylight,Donaldson Mountain,37.187
Mount Skylight,Mount Emmons,38.6
Mount Skylight,Panther Peak,26.785
Mount Skylight,Couchsachraga Peak,28.879
Mount Skylight,Santanoni Peak,25.479
Mount Skylight,Nye Mountain,18.677
Mount Skylight,Street Mountain,19.329
Mount Skylight,Wright Peak,11.714
Mount Skylight,Algonquin Peak,9.998
Mount Skylight,Iroquois Peak,10.397
Mount Skylight,Mount Marshall,9.398
Mount Skylight,Cascade Mountain,25.346
Mount Skylight,Porter Mountain,25.924
Mount Skylight,Big Slide Mountain,13.448
Mount Skylight,Phelps Mountain,9.586
Mount Skylight,Table Top Mountain,7.427
Mount Skylight,Mount Colden,7.149
Mount Skylight,Mount Marcy,1.875
Mount Skylight,Gray Peak,1.843
Mount Skylight,Mount Haystack,4.212
Mount Skylight,Cliff Mountain,5.415
Mount Skylight,Mount Redfield,5.889
Mount Skylight,Allen Mountain,18.86
Mount Skylight,Lower Wolfjaw Mountain,13.345
Mount Skylight,Upper Wolfjaw Mountain,13.854
Mount Skylight,Armstrong Mountain,10.355
Mount Skylight,Gothics,9.022
Mount Skylight,Saddleback Mountain,7.405
Mount Skylight,Basin Mountain,6.235
Mount Skylight,Sawteeth,10.844
Mount Skylight,Dial Mountain,17.347
Mount Skylight,Mount Colvin,11.307
Mount Skylight,Nippletop,15.073
Mount Skylight,Blake Peak,10.992
Mount Skylight,Dix Mountain,28.749
Mount Skylight,Hough Peak,30.602
Mount Skylight,Grace Mountain,33.756
Mount Skylight,South Dix,34.857
Mount Skylight,Macomb Mountain,22.573
Mount Skylight,Giant Mountain,26.349
Mount Skylight,Rocky Peak Ridge,30.777
Mount Redfield,Esther Mountain,48.188
Mount Redfield,Whiteface Mountain,39.972
Mount Redfield,Seward Mountain,34.113
Mount Redfield,Seymour Mountain,31.887
Mount Redfield,Donaldson Mountain,35.442
Mount Redfield,Mount Emmons,36.855
Mount Redfield,Panther Peak,25.04
Mount Redfield,Couchsachraga Peak,27.134
Mount Redfield,Santanoni Peak,23.734
Mount Redfield,Nye Mountain,18.555
Mount Redfield,Street Mountain,19.1
Mount Redfield,Wright Peak,9.969
Mount Redfield,Algonquin Peak,8.253
Mount Redfield,Iroquois Peak,8.652
Mount Redfield,Mount Marshall,7.653
Mount Redfield,Cascade Mountain,25.117
Mount Redfield,Porter Mountain,25.695
Mount Redfield,Big Slide Mountain,17.797
Mount Redfield,Phelps Mountain,10.627
Mount Redfield,Table Top Mountain,8.382
Mount Redfield,Mount Colden,7.084
Mount Redfield,Mount Marcy,6.282
Mount Redfield,Gray Peak,5.232
Mount Redfield,Mount Haystack,8.561
Mount Redfield,Cliff Mountain,3.341
Mount Redfield,Mount Skylight,5.889
Mount Redfield,Allen Mountain,17.115
Mount Redfield,Lower Wolfjaw Mountain,17.694
Mount Redfield,Upper Wolfjaw Mountain,18.203
Mount Redfield,Armstrong Mountain,14.705
Mount Redfield,Gothics,13.371
Mount Redfield,Saddleback Mountain,11.792
Mount Redfield,Basin Mountain,10.622
Mount Redfield,Sawteeth,15.177
Mount Redfield,Dial Mountain,21.696
Mount Redfield,Mount Colvin,15.656
Mount Redfield,Nippletop,19.422
Mount Redfield,Blake Peak,15.341
Mount Redfield,Dix Mountain,33.113
Mount Redfield,Hough Peak,28.971
Mount Redfield,Grace Mountain,29.712
Mount Redfield,South Dix,28.096
Mount Redfield,Macomb Mountain,26.922
Mount Redfield,Giant Mountain,32.402
Mount Redfield,Rocky Peak Ridge,35.127
Allen Mountain,Esther Mountain,57.466
Allen Mountain,Whiteface Mountain,49.25
Allen Mountain,Seward Mountain,39.41
Allen Mountain,Seymour Mountain,37.184
Allen Mountain,Donaldson Mountain,40.739
Allen Mountain,Mount Emmons,42.152
Allen Mountain,Panther Peak,26.398
Allen Mountain,Couchsachraga Peak,28.738
Allen Mountain,Santanoni Peak,25.092
Allen Mountain,Nye Mountain,27.795
Allen Mountain,Street Mountain,28.34
Allen Mountain,Wright Peak,18.046
Allen Mountain,Algonquin Peak,16.33
Allen Mountain,Iroquois Peak,16.745
Allen Mountain,Mount Marshall,14.844
Allen Mountain,Cascade Mountain,34.357
Allen Mountain,Porter Mountain,34.935
Allen Mountain,Big Slide Mountain,32.322
Allen Mountain,Phelps Mountain,21.56
Allen Mountain,Table Top Mountain,20.82
Allen Mountain,Mount Colden,15.492
Allen Mountain,Mount Marcy,19.253
Allen Mountain,Gray Peak,18.203
Allen Mountain,Mount Haystack,21.59
Allen Mountain,Cliff Mountain,16.641
Allen Mountain,Mount Skylight,18.86
Allen Mountain,Mount Redfield,17.115
Allen Mountain,Lower Wolfjaw Mountain,34.217
Allen Mountain,Upper Wolfjaw Mountain,31.232
Allen Mountain,Armstrong Mountain,27.734
Allen Mountain,Gothics,26.4
Allen Mountain,Saddleback Mountain,24.783
Allen Mountain,Basin Mountain,23.613
Allen Mountain,Sawteeth,28.206
Allen Mountain,Dial Mountain,34.725
Allen Mountain,Mount Colvin,28.685
Allen Mountain,Nippletop,32.509
Allen Mountain,Blake Peak,28.37
Allen Mountain,Dix Mountain,46.702
Allen Mountain,Hough Peak,58.525
Allen Mountain,Grace Mountain,54.651
Allen Mountain,South Dix,57.65
Allen Mountain,Macomb Mountain,39.951
Allen Mountain,Giant Mountain,45.431
Allen Mountain,Rocky Peak Ridge,48.156
Lower Wolfjaw Mountain,Esther Mountain,40.611
Lower Wolfjaw Mountain,Whiteface Mountain,41.314
Lower Wolfjaw Mountain,Seward Mountain,58.422
Lower Wolfjaw Mountain,Seymour Mountain,56.196
Lower Wolfjaw Mountain,Donaldson Mountain,49.195
Lower Wolfjaw Mountain,Mount Emmons,59.936
Lower Wolfjaw Mountain,Panther Peak,42.142
Lower Wolfjaw Mountain,Couchsachraga Peak,44.237
Lower Wolfjaw Mountain,Santanoni Peak,40.836
Lower Wolfjaw Mountain,Nye Mountain,20.014
Lower Wolfjaw Mountain,Street Mountain,20.559
Lower Wolfjaw Mountain,Wright Peak,19.372
Lower Wolfjaw Mountain,Algonquin Peak,19.96
Lower Wolfjaw Mountain,Iroquois Peak,21.293
Lower Wolfjaw Mountain,Mount Marshall,24.174
Lower Wolfjaw Mountain,Cascade Mountain,21.88
Lower Wolfjaw Mountain,Porter Mountain,17.213
Lower Wolfjaw Mountain,Big Slide Mountain,7.193
Lower Wolfjaw Mountain,Phelps Mountain,18.894
Lower Wolfjaw Mountain,Table Top Mountain,13.651
Lower Wolfjaw Mountain,Mount Colden,16.237
Lower Wolfjaw Mountain,Mount Marcy,11.47
Lower Wolfjaw Mountain,Gray Peak,13.668
Lower Wolfjaw Mountain,Mount Haystack,11.183
Lower Wolfjaw Mountain,Cliff Mountain,17.22
Lower Wolfjaw Mountain,Mount Skylight,13.345
Lower Wolfjaw Mountain,Mount Redfield,17.694
Lower Wolfjaw Mountain,Allen Mountain,34.217
Lower Wolfjaw Mountain,Upper Wolfjaw Mountain,1.863
Lower Wolfjaw Mountain,Armstrong Mountain,2.843
Lower Wolfjaw Mountain,Gothics,4.22
Lower Wolfjaw Mountain,Saddleback Mountain,5.793
Lower Wolfjaw Mountain,Basin Mountain,6.997
Lower Wolfjaw Mountain,Sawteeth,6.279
Lower Wolfjaw Mountain,Dial Mountain,10.373
Lower Wolfjaw Mountain,Mount Colvin,10.065
Lower Wolfjaw Mountain,Nippletop,10.979
Lower Wolfjaw Mountain,Blake Peak,12.558
Lower Wolfjaw Mountain,Dix Mountain,16.882
Lower Wolfjaw Mountain,Hough Peak,18.735
Lower Wolfjaw Mountain,Grace Mountain,21.889
Lower Wolfjaw Mountain,South Dix,22.99
Lower Wolfjaw Mountain,Macomb Mountain,24.152
Lower Wolfjaw Mountain,Giant Mountain,13.908
Lower Wolfjaw Mountain,Rocky Peak Ridge,15.393
Upper Wolfjaw Mountain,Esther Mountain,43.47
Upper Wolfjaw Mountain,Whiteface Mountain,44.173
Upper Wolfjaw Mountain,Seward Mountain,58.931
Upper Wolfjaw Mountain,Seymour Mountain,56.705
Upper Wolfjaw Mountain,Donaldson Mountain,49.704
Upper Wolfjaw Mountain,Mount Emmons,51.117
Upper Wolfjaw Mountain,Panther Peak,42.651
Upper Wolfjaw Mountain,Couchsachraga Peak,44.745
Upper Wolfjaw Mountain,Santanoni Peak,41.277
Upper Wolfjaw Mountain,Nye Mountain,20.523
Upper Wolfjaw Mountain,Street Mountain,21.068
Upper Wolfjaw Mountain,Wright Peak,19.985
Upper Wolfjaw Mountain,Algonquin Peak,20.469
Upper Wolfjaw Mountain,Iroquois Peak,21.802
Upper Wolfjaw Mountain,Mount Marshall,25.744
Upper Wolfjaw Mountain,Cascade Mountain,22.389
Upper Wolfjaw Mountain,Porter Mountain,20.072
Upper Wolfjaw Mountain,Big Slide Mountain,7.702
Upper Wolfjaw Mountain,Phelps Mountain,19.403
Upper Wolfjaw Mountain,Table Top Mountain,15.827
Upper Wolfjaw Mountain,Mount Colden,16.746
Upper Wolfjaw Mountain,Mount Marcy,9.504
Upper Wolfjaw Mountain,Gray Peak,14.177
Upper Wolfjaw Mountain,Mount Haystack,7.767
Upper Wolfjaw Mountain,Cliff Mountain,17.729
Upper Wolfjaw Mountain,Mount Skylight,13.854
Upper Wolfjaw Mountain,Mount Redfield,18.203
Upper Wolfjaw Mountain,Allen Mountain,31.232
Upper Wolfjaw Mountain,Lower Wolfjaw Mountain,1.863
Upper Wolfjaw Mountain,Armstrong Mountain,1.024
Upper Wolfjaw Mountain,Gothics,2.357
Upper Wolfjaw Mountain,Saddleback Mountain,3.974
Upper Wolfjaw Mountain,Basin Mountain,5.178
Upper Wolfjaw Mountain,Sawteeth,4.46
Upper Wolfjaw Mountain,Dial Mountain,11.37
Upper Wolfjaw Mountain,Mount Colvin,11.025
Upper Wolfjaw Mountain,Nippletop,11.939
Upper Wolfjaw Mountain,Blake Peak,13.517
Upper Wolfjaw Mountain,Dix Mountain,17.842
Upper Wolfjaw Mountain,Hough Peak,19.694
Upper Wolfjaw Mountain,Grace Mountain,22.848
Upper Wolfjaw Mountain,South Dix,23.95
Upper Wolfjaw Mountain,Macomb Mountain,25.112
Upper Wolfjaw Mountain,Giant Mountain,14.868
Upper Wolfjaw Mountain,Rocky Peak Ridge,16.353
Armstrong Mountain,Esther Mountain,45.925
Armstrong Mountain,Whiteface Mountain,46.627
Armstrong Mountain,Seward Mountain,44.732
Armstrong Mountain,Seymour Mountain,42.505
Armstrong Mountain,Donaldson Mountain,46.061
Armstrong Mountain,Mount Emmons,52.096
Armstrong Mountain,Panther Peak,35.659
Armstrong Mountain,Couchsachraga Peak,37.753
Armstrong Mountain,Santanoni Peak,34.353
Armstrong Mountain,Nye Mountain,21.606
Armstrong Mountain,Street Mountain,22.151
Armstrong Mountain,Wright Peak,20.964
Armstrong Mountain,Algonquin Peak,21.552
Armstrong Mountain,Iroquois Peak,22.885
Armstrong Mountain,Mount Marshall,18.272
Armstrong Mountain,Cascade Mountain,23.368
Armstrong Mountain,Porter Mountain,22.527
Armstrong Mountain,Big Slide Mountain,8.682
Armstrong Mountain,Phelps Mountain,20.486
Armstrong Mountain,Table Top Mountain,12.329
Armstrong Mountain,Mount Colden,15.299
Armstrong Mountain,Mount Marcy,8.547
Armstrong Mountain,Gray Peak,10.679
Armstrong Mountain,Mount Haystack,6.743
Armstrong Mountain,Cliff Mountain,14.231
Armstrong Mountain,Mount Skylight,10.355
Armstrong Mountain,Mount Redfield,14.705
Armstrong Mountain,Allen Mountain,27.734
Armstrong Mountain,Lower Wolfjaw Mountain,2.843
Armstrong Mountain,Upper Wolfjaw Mountain,1.023
Armstrong Mountain,Gothics,1.333
Armstrong Mountain,Saddleback Mountain,2.95
Armstrong Mountain,Basin Mountain,4.155
Armstrong Mountain,Sawteeth,3.45
Armstrong Mountain,Dial Mountain,13.219
Armstrong Mountain,Mount Colvin,10.031
Armstrong Mountain,Nippletop,11.571
Armstrong Mountain,Blake Peak,12.524
Armstrong Mountain,Dix Mountain,18.72
Armstrong Mountain,Hough Peak,20.573
Armstrong Mountain,Grace Mountain,23.727
Armstrong Mountain,South Dix,24.828
Armstrong Mountain,Macomb Mountain,25.99
Armstrong Mountain,Giant Mountain,15.746
Armstrong Mountain,Rocky Peak Ridge,17.231
Gothics,Esther Mountain,45.953
Gothics,Whiteface Mountain,46.656
Gothics,Seward Mountain,43.398
Gothics,Seymour Mountain,41.172
Gothics,Donaldson Mountain,44.727
Gothics,Mount Emmons,46.14
Gothics,Panther Peak,34.325
Gothics,Couchsachraga Peak,36.419
Gothics,Santanoni Peak,33.019
Gothics,Nye Mountain,21.496
Gothics,Street Mountain,21.937
Gothics,Wright Peak,20.854
Gothics,Algonquin Peak,21.442
Gothics,Iroquois Peak,17.937
Gothics,Mount Marshall,16.938
Gothics,Cascade Mountain,23.258
Gothics,Porter Mountain,23.836
Gothics,Big Slide Mountain,8.571
Gothics,Phelps Mountain,13.154
Gothics,Table Top Mountain,10.996
Gothics,Mount Colden,13.582
Gothics,Mount Marcy,7.147
Gothics,Gray Peak,9.345
Gothics,Mount Haystack,5.476
Gothics,Cliff Mountain,12.897
Gothics,Mount Skylight,9.022
Gothics,Mount Redfield,13.371
Gothics,Allen Mountain,26.4
Gothics,Lower Wolfjaw Mountain,4.22
Gothics,Upper Wolfjaw Mountain,2.357
Gothics,Armstrong Mountain,1.333
Gothics,Saddleback Mountain,1.617
Gothics,Basin Mountain,2.821
Gothics,Sawteeth,2.103
Gothics,Dial Mountain,12.225
Gothics,Mount Colvin,9.037
Gothics,Nippletop,9.951
Gothics,Blake Peak,9.895
Gothics,Dix Mountain,18.749
Gothics,Hough Peak,20.601
Gothics,Grace Mountain,23.755
Gothics,South Dix,21.887
Gothics,Macomb Mountain,26.019
Gothics,Giant Mountain,15.775
Gothics,Rocky Peak Ridge,17.26
Saddleback Mountain,Esther Mountain,44.951
Saddleback Mountain,Whiteface Mountain,45.653
Saddleback Mountain,Seward Mountain,41.781
Saddleback Mountain,Seymour Mountain,39.555
Saddleback Mountain,Donaldson Mountain,43.111
Saddleback Mountain,Mount Emmons,44.523
Saddleback Mountain,Panther Peak,32.708
Saddleback Mountain,Couchsachraga Peak,34.803
Saddleback Mountain,Santanoni Peak,31.402
Saddleback Mountain,Nye Mountain,21.32
Saddleback Mountain,Street Mountain,21.762
Saddleback Mountain,Wright Peak,20.679
Saddleback Mountain,Algonquin Peak,17.266
Saddleback Mountain,Iroquois Peak,16.378
Saddleback Mountain,Mount Marshall,15.322
Saddleback Mountain,Cascade Mountain,23.083
Saddleback Mountain,Porter Mountain,23.661
Saddleback Mountain,Big Slide Mountain,8.396
Saddleback Mountain,Phelps Mountain,11.537
Saddleback Mountain,Table Top Mountain,9.379
Saddleback Mountain,Mount Colden,11.965
Saddleback Mountain,Mount Marcy,5.53
Saddleback Mountain,Gray Peak,7.728
Saddleback Mountain,Mount Haystack,3.793
Saddleback Mountain,Cliff Mountain,11.28
Saddleback Mountain,Mount Skylight,7.405
Saddleback Mountain,Mount Redfield,11.792
Saddleback Mountain,Allen Mountain,24.783
Saddleback Mountain,Lower Wolfjaw Mountain,5.793
Saddleback Mountain,Upper Wolfjaw Mountain,3.974
Saddleback Mountain,Armstrong Mountain,2.95
Saddleback Mountain,Gothics,1.617
Saddleback Mountain,Basin Mountain,1.205
Saddleback Mountain,Sawteeth,3.439
Saddleback Mountain,Dial Mountain,13.561
Saddleback Mountain,Mount Colvin,10.373
Saddleback Mountain,Nippletop,11.288
Saddleback Mountain,Blake Peak,12.241
Saddleback Mountain,Dix Mountain,20.365
Saddleback Mountain,Hough Peak,22.218
Saddleback Mountain,Grace Mountain,25.372
Saddleback Mountain,South Dix,26.473
Saddleback Mountain,Macomb Mountain,27.635
Saddleback Mountain,Giant Mountain,17.391
Saddleback Mountain,Rocky Peak Ridge,18.876
Basin Mountain,Esther Mountain,46.155
Basin Mountain,Whiteface Mountain,40.809
Basin Mountain,Seward Mountain,40.611
Basin Mountain,Seymour Mountain,38.385
Basin Mountain,Donaldson Mountain,41.94
Basin Mountain,Mount Emmons,43.353
Basin Mountain,Panther Peak,31.538
Basin Mountain,Couchsachraga Peak,33.632
Basin Mountain,Santanoni Peak,30.232
Basin Mountain,Nye Mountain,19.565
Basin Mountain,Street Mountain,20.11
Basin Mountain,Wright Peak,15.508
Basin Mountain,Algonquin Peak,16.096
Basin Mountain,Iroquois Peak,15.208
Basin Mountain,Mount Marshall,14.151
Basin Mountain,Cascade Mountain,24.391
Basin Mountain,Porter Mountain,24.969
Basin Mountain,Big Slide Mountain,9.6
Basin Mountain,Phelps Mountain,10.367
Basin Mountain,Table Top Mountain,8.209
Basin Mountain,Mount Colden,10.795
Basin Mountain,Mount Marcy,4.36
Basin Mountain,Gray Peak,6.558
Basin Mountain,Mount Haystack,2.623
Basin Mountain,Cliff Mountain,10.11
Basin Mountain,Mount Skylight,6.235
Basin Mountain,Mount Redfield,10.622
Basin Mountain,Allen Mountain,23.613
Basin Mountain,Lower Wolfjaw Mountain,6.997
Basin Mountain,Upper Wolfjaw Mountain,5.178
Basin Mountain,Armstrong Mountain,4.155
Basin Mountain,Gothics,2.821
Basin Mountain,Saddleback Mountain,1.205
Basin Mountain,Sawteeth,4.644
Basin Mountain,Dial Mountain,14.766
Basin Mountain,Mount Colvin,10.213
Basin Mountain,Nippletop,12.502
Basin Mountain,Blake Peak,9.898
Basin Mountain,Dix Mountain,21.57
Basin Mountain,Hough Peak,23.423
Basin Mountain,Grace Mountain,26.576
Basin Mountain,South Dix,27.678
Basin Mountain,Macomb Mountain,28.84
Basin Mountain,Giant Mountain,18.596
Basin Mountain,Rocky Peak Ridge,20.081
Sawteeth,Esther Mountain,46.471
Sawteeth,Whiteface Mountain,47.404
Sawteeth,Seward Mountain,45.204
Sawteeth,Seymour Mountain,42.978
Sawteeth,Donaldson Mountain,46.533
Sawteeth,Mount Emmons,47.946
Sawteeth,Panther Peak,36.131
Sawteeth,Couchsachraga Peak,38.226
Sawteeth,Santanoni Peak,34.825
Sawteeth,Nye Mountain,23.318
Sawteeth,Street Mountain,23.864
Sawteeth,Wright Peak,22.677
Sawteeth,Algonquin Peak,23.265
Sawteeth,Iroquois Peak,24.598
Sawteeth,Mount Marshall,18.761
Sawteeth,Cascade Mountain,25.185
Sawteeth,Porter Mountain,23.073
Sawteeth,Big Slide Mountain,10.394
Sawteeth,Phelps Mountain,14.977
Sawteeth,Table Top Mountain,12.818
Sawteeth,Mount Colden,15.405
Sawteeth,Mount Marcy,9.036
Sawteeth,Gray Peak,11.168
Sawteeth,Mount Haystack,7.233
Sawteeth,Cliff Mountain,14.72
Sawteeth,Mount Skylight,10.844
Sawteeth,Mount Redfield,15.177
Sawteeth,Allen Mountain,28.206
Sawteeth,Lower Wolfjaw Mountain,6.279
Sawteeth,Upper Wolfjaw Mountain,4.46
Sawteeth,Armstrong Mountain,3.45
Sawteeth,Gothics,2.103
Sawteeth,Saddleback Mountain,3.439
Sawteeth,Basin Mountain,4.644
Sawteeth,Dial Mountain,11.484
Sawteeth,Mount Colvin,8.296
Sawteeth,Nippletop,9.21
Sawteeth,Blake Peak,7.792
Sawteeth,Dix Mountain,19.267
Sawteeth,Hough Peak,21.119
Sawteeth,Grace Mountain,24.273
Sawteeth,South Dix,22.405
Sawteeth,Macomb Mountain,26.537
Sawteeth,Giant Mountain,16.293
Sawteeth,Rocky Peak Ridge,17.777
Dial Mountain,Esther Mountain,44.719
Dial Mountain,Whiteface Mountain,45.422
Dial Mountain,Seward Mountain,51.723
Dial Mountain,Seymour Mountain,49.497
Dial Mountain,Donaldson Mountain,53.052
Dial Mountain,Mount Emmons,54.465
Dial Mountain,Panther Peak,42.708
Dial Mountain,Couchsachraga Peak,44.744
Dial Mountain,Santanoni Peak,41.344
Dial Mountain,Nye Mountain,29.484
Dial Mountain,Street Mountain,30.029
Dial Mountain,Wright Peak,28.842
Dial Mountain,Algonquin Peak,29.43
Dial Mountain,Iroquois Peak,30.763
Dial Mountain,Mount Marshall,25.263
Dial Mountain,Cascade Mountain,22.679
Dial Mountain,Porter Mountain,21.321
Dial Mountain,Big Slide Mountain,16.663
Dial Mountain,Phelps Mountain,28.364
Dial Mountain,Table Top Mountain,22.94
Dial Mountain,Mount Colden,23.015
Dial Mountain,Mount Marcy,17.74
Dial Mountain,Gray Peak,17.67
Dial Mountain,Mount Haystack,14.985
Dial Mountain,Cliff Mountain,21.222
Dial Mountain,Mount Skylight,17.347
Dial Mountain,Mount Redfield,21.696
Dial Mountain,Allen Mountain,34.725
Dial Mountain,Lower Wolfjaw Mountain,10.373
Dial Mountain,Upper Wolfjaw Mountain,14.213
Dial Mountain,Armstrong Mountain,13.219
Dial Mountain,Gothics,12.225
Dial Mountain,Saddleback Mountain,13.561
Dial Mountain,Basin Mountain,14.766
Dial Mountain,Sawteeth,11.484
Dial Mountain,Mount Colvin,6.04
Dial Mountain,Nippletop,2.97
Dial Mountain,Blake Peak,7.907
Dial Mountain,Dix Mountain,17.515
Dial Mountain,Hough Peak,19.368
Dial Mountain,Grace Mountain,22.521
Dial Mountain,South Dix,23.623
Dial Mountain,Macomb Mountain,24.785
Dial Mountain,Giant Mountain,14.541
Dial Mountain,Rocky Peak Ridge,16.026
Mount Colvin,Esther Mountain,46.501
Mount Colvin,Whiteface Mountain,47.204
Mount Colvin,Seward Mountain,45.683
Mount Colvin,Seymour Mountain,43.457
Mount Colvin,Donaldson Mountain,47.012
Mount Colvin,Mount Emmons,48.425
Mount Colvin,Panther Peak,36.61
Mount Colvin,Couchsachraga Peak,38.705
Mount Colvin,Santanoni Peak,35.304
Mount Colvin,Nye Mountain,29.175
Mount Colvin,Street Mountain,29.721
Mount Colvin,Wright Peak,23.491
Mount Colvin,Algonquin Peak,19.861
Mount Colvin,Iroquois Peak,20.26
Mount Colvin,Mount Marshall,19.224
Mount Colvin,Cascade Mountain,24.231
Mount Colvin,Porter Mountain,22.873
Mount Colvin,Big Slide Mountain,16.355
Mount Colvin,Phelps Mountain,17.966
Mount Colvin,Table Top Mountain,15.88
Mount Colvin,Mount Colden,16.975
Mount Colvin,Mount Marcy,11.7
Mount Colvin,Gray Peak,11.63
Mount Colvin,Mount Haystack,8.945
Mount Colvin,Cliff Mountain,15.182
Mount Colvin,Mount Skylight,11.307
Mount Colvin,Mount Redfield,15.656
Mount Colvin,Allen Mountain,28.685
Mount Colvin,Lower Wolfjaw Mountain,10.065
Mount Colvin,Upper Wolfjaw Mountain,11.025
Mount Colvin,Armstrong Mountain,10.031
Mount Colvin,Gothics,9.037
Mount Colvin,Saddleback Mountain,10.373
Mount Colvin,Basin Mountain,10.213
Mount Colvin,Sawteeth,8.296
Mount Colvin,Dial Mountain,6.04
Mount Colvin,Nippletop,3.766
Mount Colvin,Blake Peak,1.867
Mount Colvin,Dix Mountain,19.067
Mount Colvin,Hough Peak,20.919
Mount Colvin,Grace Mountain,24.073
Mount Colvin,South Dix,25.583
Mount Colvin,Macomb Mountain,26.745
Mount Colvin,Giant Mountain,16.093
Mount Colvin,Rocky Peak Ridge,17.577
Nippletop,Esther Mountain,47.415
Nippletop,Whiteface Mountain,48.118
Nippletop,Seward Mountain,49.449
Nippletop,Seymour Mountain,47.223
Nippletop,Donaldson Mountain,50.778
Nippletop,Mount Emmons,52.191
Nippletop,Panther Peak,40.376
Nippletop,Couchsachraga Peak,42.47
Nippletop,Santanoni Peak,39.07
Nippletop,Nye Mountain,30.09
Nippletop,Street Mountain,30.635
Nippletop,Wright Peak,29.448
Nippletop,Algonquin Peak,30.036
Nippletop,Iroquois Peak,23.988
Nippletop,Mount Marshall,22.989
Nippletop,Cascade Mountain,25.145
Nippletop,Porter Mountain,23.787
Nippletop,Big Slide Mountain,17.269
Nippletop,Phelps Mountain,28.97
Nippletop,Table Top Mountain,20.666
Nippletop,Mount Colden,20.741
Nippletop,Mount Marcy,15.466
Nippletop,Gray Peak,15.396
Nippletop,Mount Haystack,12.711
Nippletop,Cliff Mountain,18.948
Nippletop,Mount Skylight,15.073
Nippletop,Mount Redfield,19.422
Nippletop,Allen Mountain,32.509
Nippletop,Lower Wolfjaw Mountain,10.979
Nippletop,Upper Wolfjaw Mountain,11.939
Nippletop,Armstrong Mountain,11.571
Nippletop,Gothics,9.951
Nippletop,Saddleback Mountain,11.288
Nippletop,Basin Mountain,12.492
Nippletop,Sawteeth,8.544
Nippletop,Dial Mountain,2.971
Nippletop,Mount Colvin,3.766
Nippletop,Blake Peak,5.633
Nippletop,Dix Mountain,19.981
Nippletop,Hough Peak,21.833
Nippletop,Grace Mountain,24.987
Nippletop,South Dix,26.089
Nippletop,Macomb Mountain,24.293
Nippletop,Giant Mountain,17.007
Nippletop,Rocky Peak Ridge,18.492
Blake Peak,Esther Mountain,48.368
Blake Peak,Whiteface Mountain,49.071
Blake Peak,Seward Mountain,45.368
Blake Peak,Seymour Mountain,43.142
Blake Peak,Donaldson Mountain,46.697
Blake Peak,Mount Emmons,48.11
Blake Peak,Panther Peak,36.295
Blake Peak,Couchsachraga Peak,38.39
Blake Peak,Santanoni Peak,34.989
Blake Peak,Nye Mountain,26.849
Blake Peak,Street Mountain,27.394
Blake Peak,Wright Peak,22.792
Blake Peak,Algonquin Peak,19.546
Blake Peak,Iroquois Peak,19.907
Blake Peak,Mount Marshall,18.909
Blake Peak,Cascade Mountain,26.098
Blake Peak,Porter Mountain,24.74
Blake Peak,Big Slide Mountain,18.222
Blake Peak,Phelps Mountain,17.651
Blake Peak,Table Top Mountain,15.565
Blake Peak,Mount Colden,16.66
Blake Peak,Mount Marcy,11.385
Blake Peak,Gray Peak,11.315
Blake Peak,Mount Haystack,8.63
Blake Peak,Cliff Mountain,14.867
Blake Peak,Mount Skylight,10.992
Blake Peak,Mount Redfield,15.341
Blake Peak,Allen Mountain,28.37
Blake Peak,Lower Wolfjaw Mountain,11.933
Blake Peak,Upper Wolfjaw Mountain,13.517
Blake Peak,Armstrong Mountain,12.524
Blake Peak,Gothics,9.895
Blake Peak,Saddleback Mountain,12.241
Blake Peak,Basin Mountain,9.898
Blake Peak,Sawteeth,7.792
Blake Peak,Dial Mountain,7.907
Blake Peak,Mount Colvin,1.867
Blake Peak,Nippletop,5.633
Blake Peak,Dix Mountain,20.934
Blake Peak,Hough Peak,22.787
Blake Peak,Grace Mountain,25.941
Blake Peak,South Dix,24.072
Blake Peak,Macomb Mountain,25.246
Blake Peak,Giant Mountain,17.96
Blake Peak,Rocky Peak Ridge,19.445
Dix Mountain,Esther Mountain,48.5
Dix Mountain,Whiteface Mountain,49.433
Dix Mountain,Seward Mountain,67.813
Dix Mountain,Seymour Mountain,65.586
Dix Mountain,Donaldson Mountain,76.848
Dix Mountain,Mount Emmons,78.261
Dix Mountain,Panther Peak,62.347
Dix Mountain,Couchsachraga Peak,64.442
Dix Mountain,Santanoni Peak,61.041
Dix Mountain,Nye Mountain,35.992
Dix Mountain,Street Mountain,36.538
Dix Mountain,Wright Peak,35.351
Dix Mountain,Algonquin Peak,35.939
Dix Mountain,Iroquois Peak,37.272
Dix Mountain,Mount Marshall,45.182
Dix Mountain,Cascade Mountain,26.46
Dix Mountain,Porter Mountain,25.102
Dix Mountain,Big Slide Mountain,23.573
Dix Mountain,Phelps Mountain,34.873
Dix Mountain,Table Top Mountain,29.629
Dix Mountain,Mount Colden,32.216
Dix Mountain,Mount Marcy,27.449
Dix Mountain,Gray Peak,29.073
Dix Mountain,Mount Haystack,24.159
Dix Mountain,Cliff Mountain,33.199
Dix Mountain,Mount Skylight,28.749
Dix Mountain,Mount Redfield,33.113
Dix Mountain,Allen Mountain,46.702
Dix Mountain,Lower Wolfjaw Mountain,16.882
Dix Mountain,Upper Wolfjaw Mountain,17.842
Dix Mountain,Armstrong Mountain,18.72
Dix Mountain,Gothics,18.749
Dix Mountain,Saddleback Mountain,20.365
Dix Mountain,Basin Mountain,21.57
Dix Mountain,Sawteeth,19.267
Dix Mountain,Dial Mountain,17.515
Dix Mountain,Mount Colvin,19.067
Dix Mountain,Nippletop,19.981
Dix Mountain,Blake Peak,20.934
Dix Mountain,Hough Peak,1.853
Dix Mountain,Grace Mountain,4.767
Dix Mountain,South Dix,3.138
Dix Mountain,Macomb Mountain,4.312
Dix Mountain,Giant Mountain,17.564
Dix Mountain,Rocky Peak Ridge,19.049
Hough Peak,Esther Mountain,50.353
Hough Peak,Whiteface Mountain,51.055
Hough Peak,Seward Mountain,73.759
Hough Peak,Seymour Mountain,71.532
Hough Peak,Donaldson Mountain,75.088
Hough Peak,Mount Emmons,76.501
Hough Peak,Panther Peak,60.587
Hough Peak,Couchsachraga Peak,60.145
Hough Peak,Santanoni Peak,59.281
Hough Peak,Nye Mountain,37.845
Hough Peak,Street Mountain,38.39
Hough Peak,Wright Peak,37.203
Hough Peak,Algonquin Peak,37.791
Hough Peak,Iroquois Peak,39.124
Hough Peak,Mount Marshall,32.538
Hough Peak,Cascade Mountain,28.312
Hough Peak,Porter Mountain,26.954
Hough Peak,Big Slide Mountain,25.426
Hough Peak,Phelps Mountain,36.725
Hough Peak,Table Top Mountain,31.482
Hough Peak,Mount Colden,34.068
Hough Peak,Mount Marcy,29.589
Hough Peak,Gray Peak,30.925
Hough Peak,Mount Haystack,26.011
Hough Peak,Cliff Mountain,28.497
Hough Peak,Mount Skylight,30.602
Hough Peak,Mount Redfield,28.971
Hough Peak,Allen Mountain,58.525
Hough Peak,Lower Wolfjaw Mountain,18.735
Hough Peak,Upper Wolfjaw Mountain,19.694
Hough Peak,Armstrong Mountain,20.573
Hough Peak,Gothics,20.601
Hough Peak,Saddleback Mountain,22.218
Hough Peak,Basin Mountain,23.423
Hough Peak,Sawteeth,21.119
Hough Peak,Dial Mountain,19.368
Hough Peak,Mount Colvin,20.919
Hough Peak,Nippletop,21.833
Hough Peak,Blake Peak,22.787
Hough Peak,Dix Mountain,1.853
Hough Peak,Grace Mountain,2.914
Hough Peak,South Dix,1.286
Hough Peak,Macomb Mountain,2.459
Hough Peak,Giant Mountain,18.931
Hough Peak,Rocky Peak Ridge,20.824
Grace Mountain,Esther Mountain,52.465
Grace Mountain,Whiteface Mountain,53.168
Grace Mountain,Seward Mountain,74.5
Grace Mountain,Seymour Mountain,72.274
Grace Mountain,Donaldson Mountain,75.83
Grace Mountain,Mount Emmons,77.242
Grace Mountain,Panther Peak,61.328
Grace Mountain,Couchsachraga Peak,60.887
Grace Mountain,Santanoni Peak,60.022
Grace Mountain,Nye Mountain,43.966
Grace Mountain,Street Mountain,44.511
Grace Mountain,Wright Peak,43.324
Grace Mountain,Algonquin Peak,43.912
Grace Mountain,Iroquois Peak,42.278
Grace Mountain,Mount Marshall,49.148
Grace Mountain,Cascade Mountain,30.425
Grace Mountain,Porter Mountain,29.067
Grace Mountain,Big Slide Mountain,27.538
Grace Mountain,Phelps Mountain,39.879
Grace Mountain,Table Top Mountain,34.636
Grace Mountain,Mount Colden,37.222
Grace Mountain,Mount Marcy,32.455
Grace Mountain,Gray Peak,34.079
Grace Mountain,Mount Haystack,29.165
Grace Mountain,Cliff Mountain,29.238
Grace Mountain,Mount Skylight,33.756
Grace Mountain,Mount Redfield,29.712
Grace Mountain,Allen Mountain,54.651
Grace Mountain,Lower Wolfjaw Mountain,21.889
Grace Mountain,Upper Wolfjaw Mountain,22.848
Grace Mountain,Armstrong Mountain,23.727
Grace Mountain,Gothics,23.755
Grace Mountain,Saddleback Mountain,25.372
Grace Mountain,Basin Mountain,26.576
Grace Mountain,Sawteeth,24.273
Grace Mountain,Dial Mountain,22.521
Grace Mountain,Mount Colvin,24.073
Grace Mountain,Nippletop,24.987
Grace Mountain,Blake Peak,25.941
Grace Mountain,Dix Mountain,4.767
Grace Mountain,Hough Peak,2.914
Grace Mountain,South Dix,1.628
Grace Mountain,Macomb Mountain,2.79
Grace Mountain,Giant Mountain,16.544
Grace Mountain,Rocky Peak Ridge,18.029
South Dix,Esther Mountain,53.567
South Dix,Whiteface Mountain,54.27
South Dix,Seward Mountain,72.884
South Dix,Seymour Mountain,70.657
South Dix,Donaldson Mountain,74.341
South Dix,Mount Emmons,75.626
South Dix,Panther Peak,59.712
South Dix,Couchsachraga Peak,59.27
South Dix,Santanoni Peak,58.406
South Dix,Nye Mountain,42.101
South Dix,Street Mountain,45.613
South Dix,Wright Peak,41.459
South Dix,Algonquin Peak,45.014
South Dix,Iroquois Peak,43.38
South Dix,Mount Marshall,31.663
South Dix,Cascade Mountain,31.527
South Dix,Porter Mountain,30.169
South Dix,Big Slide Mountain,28.64
South Dix,Phelps Mountain,40.981
South Dix,Table Top Mountain,35.737
South Dix,Mount Colden,29.415
South Dix,Mount Marcy,33.557
South Dix,Gray Peak,35.181
South Dix,Mount Haystack,30.267
South Dix,Cliff Mountain,27.622
South Dix,Mount Skylight,34.857
South Dix,Mount Redfield,28.096
South Dix,Allen Mountain,57.65
South Dix,Lower Wolfjaw Mountain,22.99
South Dix,Upper Wolfjaw Mountain,23.95
South Dix,Armstrong Mountain,24.828
South Dix,Gothics,21.887
South Dix,Saddleback Mountain,26.473
South Dix,Basin Mountain,27.678
South Dix,Sawteeth,22.405
South Dix,Dial Mountain,23.623
South Dix,Mount Colvin,25.583
South Dix,Nippletop,26.089
South Dix,Blake Peak,24.072
South Dix,Dix Mountain,3.138
South Dix,Hough Peak,1.286
South Dix,Grace Mountain,1.628
South Dix,Macomb Mountain,1.174
South Dix,Giant Mountain,18.054
South Dix,Rocky Peak Ridge,19.337
Macomb Mountain,Esther Mountain,54.729
Macomb Mountain,Whiteface Mountain,55.432
Macomb Mountain,Seward Mountain,71.71
Macomb Mountain,Seymour Mountain,69.484
Macomb Mountain,Donaldson Mountain,73.039
Macomb Mountain,Mount Emmons,74.452
Macomb Mountain,Panther Peak,58.538
Macomb Mountain,Couchsachraga Peak,58.097
Macomb Mountain,Santanoni Peak,57.232
Macomb Mountain,Nye Mountain,43.262
Macomb Mountain,Street Mountain,43.808
Macomb Mountain,Wright Peak,42.621
Macomb Mountain,Algonquin Peak,43.209
Macomb Mountain,Iroquois Peak,31.488
Macomb Mountain,Mount Marshall,30.489
Macomb Mountain,Cascade Mountain,32.689
Macomb Mountain,Porter Mountain,31.331
Macomb Mountain,Big Slide Mountain,29.802
Macomb Mountain,Phelps Mountain,45.11
Macomb Mountain,Table Top Mountain,28.519
Macomb Mountain,Mount Colden,28.241
Macomb Mountain,Mount Marcy,22.966
Macomb Mountain,Gray Peak,22.896
Macomb Mountain,Mount Haystack,22.023
Macomb Mountain,Cliff Mountain,26.448
Macomb Mountain,Mount Skylight,22.573
Macomb Mountain,Mount Redfield,26.922
Macomb Mountain,Allen Mountain,39.951
Macomb Mountain,Lower Wolfjaw Mountain,24.152
Macomb Mountain,Upper Wolfjaw Mountain,25.112
Macomb Mountain,Armstrong Mountain,25.99
Macomb Mountain,Gothics,26.019
Macomb Mountain,Saddleback Mountain,24.677
Macomb Mountain,Basin Mountain,28.84
Macomb Mountain,Sawteeth,26.945
Macomb Mountain,Dial Mountain,24.785
Macomb Mountain,Mount Colvin,26.337
Macomb Mountain,Nippletop,24.293
Macomb Mountain,Blake Peak,25.246
Macomb Mountain,Dix Mountain,4.312
Macomb Mountain,Hough Peak,2.459
Macomb Mountain,Grace Mountain,2.79
Macomb Mountain,South Dix,1.174
Macomb Mountain,Giant Mountain,18.808
Macomb Mountain,Rocky Peak Ridge,20.293
Giant Mountain,Esther Mountain,41.398
Giant Mountain,Whiteface Mountain,42.101
Giant Mountain,Seward Mountain,70.845
Giant Mountain,Seymour Mountain,68.619
Giant Mountain,Donaldson Mountain,72.174
Giant Mountain,Mount Emmons,74.907
Giant Mountain,Panther Peak,56.7
Giant Mountain,Couchsachraga Peak,58.795
Giant Mountain,Santanoni Peak,55.528
Giant Mountain,Nye Mountain,34.746
Giant Mountain,Street Mountain,35.251
Giant Mountain,Wright Peak,34.064
Giant Mountain,Algonquin Peak,34.652
Giant Mountain,Iroquois Peak,35.985
Giant Mountain,Mount Marshall,39.928
Giant Mountain,Cascade Mountain,19.358
Giant Mountain,Porter Mountain,18.0
Giant Mountain,Big Slide Mountain,18.318
Giant Mountain,Phelps Mountain,33.586
Giant Mountain,Table Top Mountain,28.359
Giant Mountain,Mount Colden,30.945
Giant Mountain,Mount Marcy,26.178
Giant Mountain,Gray Peak,26.673
Giant Mountain,Mount Haystack,21.185
Giant Mountain,Cliff Mountain,31.928
Giant Mountain,Mount Skylight,26.349
Giant Mountain,Mount Redfield,32.402
Giant Mountain,Allen Mountain,45.431
Giant Mountain,Lower Wolfjaw Mountain,13.908
Giant Mountain,Upper Wolfjaw Mountain,14.868
Giant Mountain,Armstrong Mountain,15.746
Giant Mountain,Gothics,15.775
Giant Mountain,Saddleback Mountain,17.391
Giant Mountain,Basin Mountain,18.596
Giant Mountain,Sawteeth,16.293
Giant Mountain,Dial Mountain,14.541
Giant Mountain,Mount Colvin,16.093
Giant Mountain,Nippletop,17.007
Giant Mountain,Blake Peak,17.96
Giant Mountain,Dix Mountain,17.564
Giant Mountain,Hough Peak,18.931
Giant Mountain,Grace Mountain,16.544
Giant Mountain,South Dix,18.054
Giant Mountain,Macomb Mountain,18.808
Giant Mountain,Rocky Peak Ridge,1.878
Rocky Peak Ridge,Esther Mountain,43.277
Rocky Peak Ridge,Whiteface Mountain,43.979
Rocky Peak Ridge,Seward Mountain,72.724
Rocky Peak Ridge,Seymour Mountain,70.497
Rocky Peak Ridge,Donaldson Mountain,74.053
Rocky Peak Ridge,Mount Emmons,75.466
Rocky Peak Ridge,Panther Peak,59.425
Rocky Peak Ridge,Couchsachraga Peak,61.519
Rocky Peak Ridge,Santanoni Peak,58.253
Rocky Peak Ridge,Nye Mountain,37.47
Rocky Peak Ridge,Street Mountain,37.976
Rocky Peak Ridge,Wright Peak,36.829
Rocky Peak Ridge,Algonquin Peak,37.377
Rocky Peak Ridge,Iroquois Peak,38.71
Rocky Peak Ridge,Mount Marshall,42.652
Rocky Peak Ridge,Cascade Mountain,21.237
Rocky Peak Ridge,Porter Mountain,19.879
Rocky Peak Ridge,Big Slide Mountain,21.043
Rocky Peak Ridge,Phelps Mountain,36.311
Rocky Peak Ridge,Table Top Mountain,31.083
Rocky Peak Ridge,Mount Colden,33.669
Rocky Peak Ridge,Mount Marcy,28.903
Rocky Peak Ridge,Gray Peak,28.158
Rocky Peak Ridge,Mount Haystack,22.67
Rocky Peak Ridge,Cliff Mountain,34.653
Rocky Peak Ridge,Mount Skylight,30.777
Rocky Peak Ridge,Mount Redfield,35.127
Rocky Peak Ridge,Allen Mountain,48.156
Rocky Peak Ridge,Lower Wolfjaw Mountain,15.393
Rocky Peak Ridge,Upper Wolfjaw Mountain,16.353
Rocky Peak Ridge,Armstrong Mountain,17.231
Rocky Peak Ridge,Gothics,17.26
Rocky Peak Ridge,Saddleback Mountain,18.876
Rocky Peak Ridge,Basin Mountain,20.081
Rocky Peak Ridge,Sawteeth,17.777
Rocky Peak Ridge,Dial Mountain,16.026
Rocky Peak Ridge,Mount Colvin,17.577
Rocky Peak Ridge,Nippletop,18.492
Rocky Peak Ridge,Blake Peak,19.445
Rocky Peak Ridge,Dix Mountain,19.049
Rocky Peak Ridge,Hough Peak,20.824
Rocky Peak Ridge,Grace Mountain,18.029
Rocky Peak Ridge,South Dix,19.337
Rocky Peak Ridge,Macomb Mountain,20.293
Rocky Peak Ridge,Giant Mountain,1.878
